Using pre-set license
Built from '2022.3/respin/2022.3.62f2-4af31df585-v2' branch; Version is '2022.3.62f3 (96770f904ca7) revision 9860879'; Using compiler version '192829333'; Build Type 'Release'
OS: 'Windows 10  (10.0.19044) 64bit Professional' Language: 'ro' Physical Memory: 16233 MB
BatchMode: 1, IsHumanControllingUs: 0, StartBugReporterOnCrash: 0, Is64bit: 1, IsPro: 1

COMMAND LINE ARGUMENTS:
C:\Program Files\Unity\Hub\Editor\2022.3.62f3\Editor\Unity.exe
-adb2
-batchMode
-noUpm
-name
AssetImportWorker1
-projectPath
C:/Users/User/Antivirus killer
-logFile
Logs/AssetImportWorker1.log
-srvPort
64222
Successfully changed project path to: C:/Users/User/Antivirus killer
C:/Users/User/Antivirus killer
[UnityMemory] Configuration Parameters - Can be set up in boot.config
    "memorysetup-bucket-allocator-granularity=16"
    "memorysetup-bucket-allocator-bucket-count=8"
    "memorysetup-bucket-allocator-block-size=33554432"
    "memorysetup-bucket-allocator-block-count=8"
    "memorysetup-main-allocator-block-size=16777216"
    "memorysetup-thread-allocator-block-size=16777216"
    "memorysetup-gfx-main-allocator-block-size=16777216"
    "memorysetup-gfx-thread-allocator-block-size=16777216"
    "memorysetup-cache-allocator-block-size=4194304"
    "memorysetup-typetree-allocator-block-size=2097152"
    "memorysetup-profiler-bucket-allocator-granularity=16"
    "memorysetup-profiler-bucket-allocator-bucket-count=8"
    "memorysetup-profiler-bucket-allocator-block-size=33554432"
    "memorysetup-profiler-bucket-allocator-block-count=8"
    "memorysetup-profiler-allocator-block-size=16777216"
    "memorysetup-profiler-editor-allocator-block-size=1048576"
    "memorysetup-temp-allocator-size-main=16777216"
    "memorysetup-job-temp-allocator-block-size=2097152"
    "memorysetup-job-temp-allocator-block-size-background=1048576"
    "memorysetup-job-temp-allocator-reduction-small-platforms=262144"
    "memorysetup-allocator-temp-initial-block-size-main=262144"
    "memorysetup-allocator-temp-initial-block-size-worker=262144"
    "memorysetup-temp-allocator-size-background-worker=32768"
    "memorysetup-temp-allocator-size-job-worker=262144"
    "memorysetup-temp-allocator-size-preload-manager=33554432"
    "memorysetup-temp-allocator-size-nav-mesh-worker=65536"
    "memorysetup-temp-allocator-size-audio-worker=65536"
    "memorysetup-temp-allocator-size-cloud-worker=32768"
    "memorysetup-temp-allocator-size-gi-baking-worker=262144"
    "memorysetup-temp-allocator-size-gfx=262144"
Player connection [9892]  Target information:

Player connection [9892]  * "[IP] 192.168.100.30 [Port] 0 [Flags] 2 [Guid] 1624776961 [EditorId] 1624776961 [Version] 1048832 [Id] WindowsEditor(7,DESKTOP-NM95901) [Debug] 1 [PackageName] WindowsEditor [ProjectName] Editor" 

Player connection [9892] Host joined multi-casting on [225.0.0.222:54997]...
Player connection [9892] Host joined alternative multi-casting on [225.0.0.222:34997]...
Input System module state changed to: Initialized.
[PhysX] Initialized MultithreadedTaskDispatcher with 12 workers.
Refreshing native plugins compatible for Editor in 12.92 ms, found 3 plugins.
Preloading 0 native plugins for Editor in 0.00 ms.
Initialize engine version: 2022.3.62f3 (96770f904ca7)
[Subsystems] Discovering subsystems at path C:/Program Files/Unity/Hub/Editor/2022.3.62f3/Editor/Data/Resources/UnitySubsystems
[Subsystems] Discovering subsystems at path C:/Users/User/Antivirus killer/Assets
GfxDevice: creating device client; threaded=0; jobified=0
Direct3D:
    Version:  Direct3D 11.0 [level 11.1]
    Renderer: NVIDIA GeForce GTX 1660 Ti (ID=0x2191)
    Vendor:   NVIDIA
    VRAM:     5991 MB
    Driver:   30.0.15.1278
Initialize mono
Mono path[0] = 'C:/Program Files/Unity/Hub/Editor/2022.3.62f3/Editor/Data/Managed'
Mono path[1] = 'C:/Program Files/Unity/Hub/Editor/2022.3.62f3/Editor/Data/MonoBleedingEdge/lib/mono/unityjit-win32'
Mono config path = 'C:/Program Files/Unity/Hub/Editor/2022.3.62f3/Editor/Data/MonoBleedingEdge/etc'
Using monoOptions --debugger-agent=transport=dt_socket,embedding=1,server=y,suspend=n,address=127.0.0.1:56400
Begin MonoManager ReloadAssembly
Registering precompiled unity dll's ...
Register platform support module: C:/Program Files/Unity/Hub/Editor/2022.3.62f3/Editor/Data/PlaybackEngines/AndroidPlayer/UnityEditor.Android.Extensions.dll
Register platform support module: C:/Program Files/Unity/Hub/Editor/2022.3.62f3/Editor/Data/PlaybackEngines/WindowsStandaloneSupport/UnityEditor.WindowsStandalone.Extensions.dll
Registered in 0.016050 seconds.
- Loaded All Assemblies, in  0.546 seconds
Native extension for WindowsStandalone target not found
Native extension for Android target not found
Android Extension - Scanning For ADB Devices 374 ms
Mono: successfully reloaded assembly
- Finished resetting the current domain, in  0.836 seconds
Domain Reload Profiling: 1380ms
	BeginReloadAssembly (157ms)
		ExecutionOrderSort (0ms)
		DisableScriptedObjects (0ms)
		BackupInstance (0ms)
		ReleaseScriptingObjects (0ms)
		CreateAndSetChildDomain (1ms)
	RebuildCommonClasses (50ms)
	RebuildNativeTypeToScriptingClass (16ms)
	initialDomainReloadingComplete (102ms)
	LoadAllAssembliesAndSetupDomain (218ms)
		LoadAssemblies (155ms)
		RebuildTransferFunctionScriptingTraits (0ms)
		AnalyzeDomain (215ms)
			TypeCache.Refresh (213ms)
				TypeCache.ScanAssembly (188ms)
			ScanForSourceGeneratedMonoScriptInfo (0ms)
			ResolveRequiredComponents (1ms)
	FinalizeReload (837ms)
		ReleaseScriptCaches (0ms)
		RebuildScriptCaches (0ms)
		SetupLoadedEditorAssemblies (773ms)
			LogAssemblyErrors (0ms)
			InitializePlatformSupportModulesInManaged (517ms)
			SetLoadedEditorAssemblies (6ms)
			RefreshPlugins (0ms)
			BeforeProcessingInitializeOnLoad (3ms)
			ProcessInitializeOnLoadAttributes (177ms)
			ProcessInitializeOnLoadMethodAttributes (70ms)
			AfterProcessingInitializeOnLoad (0ms)
			EditorAssembliesLoaded (0ms)
		ExecutionOrderSort2 (0ms)
		AwakeInstancesAfterBackupRestoration (0ms)
========================================================================
Worker process is ready to serve import requests
Caller must complete domain reload
Begin MonoManager ReloadAssembly
- Loaded All Assemblies, in  0.922 seconds
Native extension for WindowsStandalone target not found
Native extension for Android target not found
Mono: successfully reloaded assembly
- Finished resetting the current domain, in  1.158 seconds
Domain Reload Profiling: 2076ms
	BeginReloadAssembly (211ms)
		ExecutionOrderSort (0ms)
		DisableScriptedObjects (7ms)
		BackupInstance (0ms)
		ReleaseScriptingObjects (0ms)
		CreateAndSetChildDomain (34ms)
	RebuildCommonClasses (47ms)
	RebuildNativeTypeToScriptingClass (15ms)
	initialDomainReloadingComplete (61ms)
	LoadAllAssembliesAndSetupDomain (584ms)
		LoadAssemblies (425ms)
		RebuildTransferFunctionScriptingTraits (0ms)
		AnalyzeDomain (283ms)
			TypeCache.Refresh (250ms)
				TypeCache.ScanAssembly (229ms)
			ScanForSourceGeneratedMonoScriptInfo (22ms)
			ResolveRequiredComponents (9ms)
	FinalizeReload (1158ms)
		ReleaseScriptCaches (0ms)
		RebuildScriptCaches (0ms)
		SetupLoadedEditorAssemblies (921ms)
			LogAssemblyErrors (0ms)
			InitializePlatformSupportModulesInManaged (31ms)
			SetLoadedEditorAssemblies (7ms)
			RefreshPlugins (0ms)
			BeforeProcessingInitializeOnLoad (96ms)
			ProcessInitializeOnLoadAttributes (748ms)
			ProcessInitializeOnLoadMethodAttributes (27ms)
			AfterProcessingInitializeOnLoad (12ms)
			EditorAssembliesLoaded (0ms)
		ExecutionOrderSort2 (0ms)
		AwakeInstancesAfterBackupRestoration (13ms)
Launched and connected shader compiler UnityShaderCompiler.exe after 0.08 seconds
Refreshing native plugins compatible for Editor in 6.54 ms, found 3 plugins.
Preloading 0 native plugins for Editor in 0.00 ms.
Unloading 3474 Unused Serialized files (Serialized files now loaded: 0)
Unloading 32 unused Assets / (128.4 KB). Loaded Objects now: 3947.
Memory consumption went from 132.1 MB to 132.0 MB.
Total: 5.195700 ms (FindLiveObjects: 0.344800 ms CreateObjectMapping: 0.322700 ms MarkObjects: 4.379700 ms  DeleteObjects: 0.147300 ms)

AssetImportParameters requested are different than current active one (requested -> active):
  custom:container-demuxer-ogg: 62fdf1f143b41e24485cea50d1cbac27 -> 
  custom:video-decoder-ogg-theora: a1e56fd34408186e4bbccfd4996cb3dc -> 
  custom:framework-win-MediaFoundation: 216162199b28c13a410421893ffa2e32 -> 
  custom:CustomObjectIndexerAttribute: 9a22284fe3817be447336de3de66b15e -> 
  custom:container-demuxer-webm: 4f35f7cbe854078d1ac9338744f61a02 -> 
  custom:container-muxer-webm: aa71ff27fc2769a1b78a27578f13a17b -> 
  custom:video-decoder-webm-vp8: 9c59270c3fd7afecdb556c50c9e8de78 -> 
  custom:SearchIndexIgnoredProperties: e643bd26f0fe6173181afceb89e7c659 -> 
  custom:AudioImporter_EditorPlatform: d09bf68614088b80899f8185d706f6e7 -> 
  custom:video-encoder-webm-vp8: eb34c28f22e8b96e1ab97ce403110664 -> 
  custom:audio-decoder-ogg-vorbis: bf7c407c2cedff20999df2af8eb42d56 -> 
  custom:audio-encoder-webm-vorbis: bf7c407c2cedff20999df2af8eb42d56 -> 
========================================================================
Received Prepare
Caller must complete domain reload
Begin MonoManager ReloadAssembly
- Loaded All Assemblies, in  3.169 seconds
Native extension for WindowsStandalone target not found
Native extension for Android target not found
Mono: successfully reloaded assembly
- Finished resetting the current domain, in  3.273 seconds
Domain Reload Profiling: 6438ms
	BeginReloadAssembly (790ms)
		ExecutionOrderSort (0ms)
		DisableScriptedObjects (36ms)
		BackupInstance (0ms)
		ReleaseScriptingObjects (0ms)
		CreateAndSetChildDomain (396ms)
	RebuildCommonClasses (54ms)
	RebuildNativeTypeToScriptingClass (16ms)
	initialDomainReloadingComplete (66ms)
	LoadAllAssembliesAndSetupDomain (2238ms)
		LoadAssemblies (2364ms)
		RebuildTransferFunctionScriptingTraits (0ms)
		AnalyzeDomain (86ms)
			TypeCache.Refresh (36ms)
				TypeCache.ScanAssembly (1ms)
			ScanForSourceGeneratedMonoScriptInfo (27ms)
			ResolveRequiredComponents (22ms)
	FinalizeReload (3274ms)
		ReleaseScriptCaches (0ms)
		RebuildScriptCaches (0ms)
		SetupLoadedEditorAssemblies (875ms)
			LogAssemblyErrors (0ms)
			InitializePlatformSupportModulesInManaged (36ms)
			SetLoadedEditorAssemblies (6ms)
			RefreshPlugins (0ms)
			BeforeProcessingInitializeOnLoad (93ms)
			ProcessInitializeOnLoadAttributes (685ms)
			ProcessInitializeOnLoadMethodAttributes (43ms)
			AfterProcessingInitializeOnLoad (12ms)
			EditorAssembliesLoaded (0ms)
		ExecutionOrderSort2 (0ms)
		AwakeInstancesAfterBackupRestoration (14ms)
Refreshing native plugins compatible for Editor in 6.87 ms, found 3 plugins.
Preloading 0 native plugins for Editor in 0.00 ms.
Unloading 3454 Unused Serialized files (Serialized files now loaded: 0)
Unloading 15 unused Assets / (99.7 KB). Loaded Objects now: 3964.
Memory consumption went from 128.0 MB to 127.9 MB.
Total: 6.205100 ms (FindLiveObjects: 0.345400 ms CreateObjectMapping: 0.290400 ms MarkObjects: 5.489000 ms  DeleteObjects: 0.078800 ms)

Prepare: number of updated asset objects reloaded= 0
AssetImportParameters requested are different than current active one (requested -> active):
  custom:container-demuxer-ogg: 62fdf1f143b41e24485cea50d1cbac27 -> 
  custom:video-decoder-ogg-theora: a1e56fd34408186e4bbccfd4996cb3dc -> 
  custom:framework-win-MediaFoundation: 216162199b28c13a410421893ffa2e32 -> 
  custom:scripting/monoscript/fileName/HealPickup.cs: 71876bf87905af9fc6eaaa92ce9f9cc1 -> 
  custom:CustomObjectIndexerAttribute: 9a22284fe3817be447336de3de66b15e -> 
  custom:container-demuxer-webm: 4f35f7cbe854078d1ac9338744f61a02 -> 
  custom:container-muxer-webm: aa71ff27fc2769a1b78a27578f13a17b -> 
  custom:video-decoder-webm-vp8: 9c59270c3fd7afecdb556c50c9e8de78 -> 
  custom:SearchIndexIgnoredProperties: e643bd26f0fe6173181afceb89e7c659 -> 
  custom:AudioImporter_EditorPlatform: d09bf68614088b80899f8185d706f6e7 -> 
  custom:video-encoder-webm-vp8: eb34c28f22e8b96e1ab97ce403110664 -> 
  custom:audio-decoder-ogg-vorbis: bf7c407c2cedff20999df2af8eb42d56 -> 
  custom:audio-encoder-webm-vorbis: bf7c407c2cedff20999df2af8eb42d56 -> 
  custom:scripting/precompiled-assembly-types:Assembly-CSharp: 0bba5674f77d92ad328955e8a722c46c -> a9a1178b2d54efcd4a4866cd6fa1f88e
========================================================================
Received Prepare
Caller must complete domain reload
Begin MonoManager ReloadAssembly
- Loaded All Assemblies, in  1.477 seconds
Native extension for WindowsStandalone target not found
Native extension for Android target not found
Mono: successfully reloaded assembly
- Finished resetting the current domain, in  1.590 seconds
Domain Reload Profiling: 3063ms
	BeginReloadAssembly (217ms)
		ExecutionOrderSort (0ms)
		DisableScriptedObjects (7ms)
		BackupInstance (0ms)
		ReleaseScriptingObjects (0ms)
		CreateAndSetChildDomain (43ms)
	RebuildCommonClasses (46ms)
	RebuildNativeTypeToScriptingClass (16ms)
	initialDomainReloadingComplete (44ms)
	LoadAllAssembliesAndSetupDomain (1151ms)
		LoadAssemblies (1245ms)
		RebuildTransferFunctionScriptingTraits (0ms)
		AnalyzeDomain (28ms)
			TypeCache.Refresh (9ms)
				TypeCache.ScanAssembly (0ms)
			ScanForSourceGeneratedMonoScriptInfo (8ms)
			ResolveRequiredComponents (9ms)
	FinalizeReload (1591ms)
		ReleaseScriptCaches (0ms)
		RebuildScriptCaches (0ms)
		SetupLoadedEditorAssemblies (821ms)
			LogAssemblyErrors (0ms)
			InitializePlatformSupportModulesInManaged (31ms)
			SetLoadedEditorAssemblies (6ms)
			RefreshPlugins (0ms)
			BeforeProcessingInitializeOnLoad (78ms)
			ProcessInitializeOnLoadAttributes (671ms)
			ProcessInitializeOnLoadMethodAttributes (25ms)
			AfterProcessingInitializeOnLoad (10ms)
			EditorAssembliesLoaded (0ms)
		ExecutionOrderSort2 (0ms)
		AwakeInstancesAfterBackupRestoration (12ms)
Refreshing native plugins compatible for Editor in 4.11 ms, found 3 plugins.
Preloading 0 native plugins for Editor in 0.00 ms.
Unloading 3454 Unused Serialized files (Serialized files now loaded: 0)
Unloading 15 unused Assets / (99.7 KB). Loaded Objects now: 3980.
Memory consumption went from 128.0 MB to 127.9 MB.
Total: 4.790400 ms (FindLiveObjects: 0.561600 ms CreateObjectMapping: 0.308500 ms MarkObjects: 3.860600 ms  DeleteObjects: 0.058600 ms)

Prepare: number of updated asset objects reloaded= 0
AssetImportParameters requested are different than current active one (requested -> active):
  custom:container-demuxer-ogg: 62fdf1f143b41e24485cea50d1cbac27 -> 
  custom:video-decoder-ogg-theora: a1e56fd34408186e4bbccfd4996cb3dc -> 
  custom:framework-win-MediaFoundation: 216162199b28c13a410421893ffa2e32 -> 
  custom:scripting/monoscript/fileName/HealPickup.cs: 71876bf87905af9fc6eaaa92ce9f9cc1 -> 
  custom:CustomObjectIndexerAttribute: 9a22284fe3817be447336de3de66b15e -> 
  custom:container-demuxer-webm: 4f35f7cbe854078d1ac9338744f61a02 -> 
  custom:container-muxer-webm: aa71ff27fc2769a1b78a27578f13a17b -> 
  custom:video-decoder-webm-vp8: 9c59270c3fd7afecdb556c50c9e8de78 -> 
  custom:SearchIndexIgnoredProperties: e643bd26f0fe6173181afceb89e7c659 -> 
  custom:AudioImporter_EditorPlatform: d09bf68614088b80899f8185d706f6e7 -> 
  custom:video-encoder-webm-vp8: eb34c28f22e8b96e1ab97ce403110664 -> 
  custom:audio-decoder-ogg-vorbis: bf7c407c2cedff20999df2af8eb42d56 -> 
  custom:audio-encoder-webm-vorbis: bf7c407c2cedff20999df2af8eb42d56 -> 
  custom:scripting/precompiled-assembly-types:Assembly-CSharp: 0bba5674f77d92ad328955e8a722c46c -> a9a1178b2d54efcd4a4866cd6fa1f88e
========================================================================
Received Prepare
Caller must complete domain reload
Begin MonoManager ReloadAssembly
- Loaded All Assemblies, in  1.170 seconds
Native extension for WindowsStandalone target not found
Native extension for Android target not found
Mono: successfully reloaded assembly
- Finished resetting the current domain, in  1.555 seconds
Domain Reload Profiling: 2721ms
	BeginReloadAssembly (471ms)
		ExecutionOrderSort (0ms)
		DisableScriptedObjects (45ms)
		BackupInstance (0ms)
		ReleaseScriptingObjects (0ms)
		CreateAndSetChildDomain (51ms)
	RebuildCommonClasses (229ms)
	RebuildNativeTypeToScriptingClass (44ms)
	initialDomainReloadingComplete (62ms)
	LoadAllAssembliesAndSetupDomain (360ms)
		LoadAssemblies (642ms)
		RebuildTransferFunctionScriptingTraits (0ms)
		AnalyzeDomain (29ms)
			TypeCache.Refresh (10ms)
				TypeCache.ScanAssembly (0ms)
			ScanForSourceGeneratedMonoScriptInfo (9ms)
			ResolveRequiredComponents (9ms)
	FinalizeReload (1555ms)
		ReleaseScriptCaches (0ms)
		RebuildScriptCaches (0ms)
		SetupLoadedEditorAssemblies (803ms)
			LogAssemblyErrors (0ms)
			InitializePlatformSupportModulesInManaged (35ms)
			SetLoadedEditorAssemblies (4ms)
			RefreshPlugins (0ms)
			BeforeProcessingInitializeOnLoad (83ms)
			ProcessInitializeOnLoadAttributes (642ms)
			ProcessInitializeOnLoadMethodAttributes (25ms)
			AfterProcessingInitializeOnLoad (13ms)
			EditorAssembliesLoaded (0ms)
		ExecutionOrderSort2 (0ms)
		AwakeInstancesAfterBackupRestoration (15ms)
Refreshing native plugins compatible for Editor in 3.37 ms, found 3 plugins.
Preloading 0 native plugins for Editor in 0.00 ms.
Unloading 3454 Unused Serialized files (Serialized files now loaded: 0)
Unloading 15 unused Assets / (99.7 KB). Loaded Objects now: 3996.
Memory consumption went from 128.0 MB to 127.9 MB.
Total: 4.453200 ms (FindLiveObjects: 0.255200 ms CreateObjectMapping: 0.196900 ms MarkObjects: 3.945200 ms  DeleteObjects: 0.055000 ms)

Prepare: number of updated asset objects reloaded= 0
AssetImportParameters requested are different than current active one (requested -> active):
  custom:container-demuxer-ogg: 62fdf1f143b41e24485cea50d1cbac27 -> 
  custom:video-decoder-ogg-theora: a1e56fd34408186e4bbccfd4996cb3dc -> 
  custom:framework-win-MediaFoundation: 216162199b28c13a410421893ffa2e32 -> 
  custom:scripting/monoscript/fileName/HealPickup.cs: 71876bf87905af9fc6eaaa92ce9f9cc1 -> 
  custom:CustomObjectIndexerAttribute: 9a22284fe3817be447336de3de66b15e -> 
  custom:container-demuxer-webm: 4f35f7cbe854078d1ac9338744f61a02 -> 
  custom:container-muxer-webm: aa71ff27fc2769a1b78a27578f13a17b -> 
  custom:video-decoder-webm-vp8: 9c59270c3fd7afecdb556c50c9e8de78 -> 
  custom:SearchIndexIgnoredProperties: e643bd26f0fe6173181afceb89e7c659 -> 
  custom:AudioImporter_EditorPlatform: d09bf68614088b80899f8185d706f6e7 -> 
  custom:video-encoder-webm-vp8: eb34c28f22e8b96e1ab97ce403110664 -> 
  custom:audio-decoder-ogg-vorbis: bf7c407c2cedff20999df2af8eb42d56 -> 
  custom:audio-encoder-webm-vorbis: bf7c407c2cedff20999df2af8eb42d56 -> 
  custom:scripting/precompiled-assembly-types:Assembly-CSharp: 0bba5674f77d92ad328955e8a722c46c -> a9a1178b2d54efcd4a4866cd6fa1f88e
========================================================================
Received Prepare
Caller must complete domain reload
Begin MonoManager ReloadAssembly
- Loaded All Assemblies, in  0.814 seconds
Native extension for WindowsStandalone target not found
Native extension for Android target not found
Mono: successfully reloaded assembly
- Finished resetting the current domain, in  1.640 seconds
Domain Reload Profiling: 2449ms
	BeginReloadAssembly (237ms)
		ExecutionOrderSort (0ms)
		DisableScriptedObjects (12ms)
		BackupInstance (0ms)
		ReleaseScriptingObjects (0ms)
		CreateAndSetChildDomain (51ms)
	RebuildCommonClasses (48ms)
	RebuildNativeTypeToScriptingClass (15ms)
	initialDomainReloadingComplete (49ms)
	LoadAllAssembliesAndSetupDomain (459ms)
		LoadAssemblies (551ms)
		RebuildTransferFunctionScriptingTraits (0ms)
		AnalyzeDomain (34ms)
			TypeCache.Refresh (10ms)
				TypeCache.ScanAssembly (0ms)
			ScanForSourceGeneratedMonoScriptInfo (9ms)
			ResolveRequiredComponents (14ms)
	FinalizeReload (1641ms)
		ReleaseScriptCaches (0ms)
		RebuildScriptCaches (0ms)
		SetupLoadedEditorAssemblies (810ms)
			LogAssemblyErrors (0ms)
			InitializePlatformSupportModulesInManaged (30ms)
			SetLoadedEditorAssemblies (4ms)
			RefreshPlugins (0ms)
			BeforeProcessingInitializeOnLoad (87ms)
			ProcessInitializeOnLoadAttributes (640ms)
			ProcessInitializeOnLoadMethodAttributes (38ms)
			AfterProcessingInitializeOnLoad (11ms)
			EditorAssembliesLoaded (0ms)
		ExecutionOrderSort2 (0ms)
		AwakeInstancesAfterBackupRestoration (13ms)
Refreshing native plugins compatible for Editor in 4.67 ms, found 3 plugins.
Preloading 0 native plugins for Editor in 0.00 ms.
Unloading 3454 Unused Serialized files (Serialized files now loaded: 0)
Unloading 15 unused Assets / (99.7 KB). Loaded Objects now: 4012.
Memory consumption went from 128.0 MB to 127.9 MB.
Total: 5.585900 ms (FindLiveObjects: 0.365200 ms CreateObjectMapping: 0.305900 ms MarkObjects: 4.847600 ms  DeleteObjects: 0.065800 ms)

Prepare: number of updated asset objects reloaded= 0
AssetImportParameters requested are different than current active one (requested -> active):
  custom:container-demuxer-ogg: 62fdf1f143b41e24485cea50d1cbac27 -> 
  custom:video-decoder-ogg-theora: a1e56fd34408186e4bbccfd4996cb3dc -> 
  custom:framework-win-MediaFoundation: 216162199b28c13a410421893ffa2e32 -> 
  custom:scripting/monoscript/fileName/HealPickup.cs: 71876bf87905af9fc6eaaa92ce9f9cc1 -> 
  custom:CustomObjectIndexerAttribute: 9a22284fe3817be447336de3de66b15e -> 
  custom:container-demuxer-webm: 4f35f7cbe854078d1ac9338744f61a02 -> 
  custom:container-muxer-webm: aa71ff27fc2769a1b78a27578f13a17b -> 
  custom:video-decoder-webm-vp8: 9c59270c3fd7afecdb556c50c9e8de78 -> 
  custom:SearchIndexIgnoredProperties: e643bd26f0fe6173181afceb89e7c659 -> 
  custom:AudioImporter_EditorPlatform: d09bf68614088b80899f8185d706f6e7 -> 
  custom:video-encoder-webm-vp8: eb34c28f22e8b96e1ab97ce403110664 -> 
  custom:audio-decoder-ogg-vorbis: bf7c407c2cedff20999df2af8eb42d56 -> 
  custom:audio-encoder-webm-vorbis: bf7c407c2cedff20999df2af8eb42d56 -> 
  custom:scripting/precompiled-assembly-types:Assembly-CSharp: 0bba5674f77d92ad328955e8a722c46c -> a9a1178b2d54efcd4a4866cd6fa1f88e
========================================================================
Received Prepare
Caller must complete domain reload
Begin MonoManager ReloadAssembly
- Loaded All Assemblies, in  1.365 seconds
Native extension for WindowsStandalone target not found
Native extension for Android target not found
Mono: successfully reloaded assembly
- Finished resetting the current domain, in  1.475 seconds
Domain Reload Profiling: 2835ms
	BeginReloadAssembly (265ms)
		ExecutionOrderSort (0ms)
		DisableScriptedObjects (11ms)
		BackupInstance (0ms)
		ReleaseScriptingObjects (0ms)
		CreateAndSetChildDomain (42ms)
	RebuildCommonClasses (45ms)
	RebuildNativeTypeToScriptingClass (16ms)
	initialDomainReloadingComplete (40ms)
	LoadAllAssembliesAndSetupDomain (993ms)
		LoadAssemblies (1127ms)
		RebuildTransferFunctionScriptingTraits (0ms)
		AnalyzeDomain (36ms)
			TypeCache.Refresh (12ms)
				TypeCache.ScanAssembly (1ms)
			ScanForSourceGeneratedMonoScriptInfo (9ms)
			ResolveRequiredComponents (13ms)
	FinalizeReload (1475ms)
		ReleaseScriptCaches (0ms)
		RebuildScriptCaches (0ms)
		SetupLoadedEditorAssemblies (787ms)
			LogAssemblyErrors (0ms)
			InitializePlatformSupportModulesInManaged (29ms)
			SetLoadedEditorAssemblies (4ms)
			RefreshPlugins (0ms)
			BeforeProcessingInitializeOnLoad (90ms)
			ProcessInitializeOnLoadAttributes (621ms)
			ProcessInitializeOnLoadMethodAttributes (32ms)
			AfterProcessingInitializeOnLoad (11ms)
			EditorAssembliesLoaded (0ms)
		ExecutionOrderSort2 (0ms)
		AwakeInstancesAfterBackupRestoration (12ms)
Refreshing native plugins compatible for Editor in 4.01 ms, found 3 plugins.
Preloading 0 native plugins for Editor in 0.00 ms.
Unloading 3454 Unused Serialized files (Serialized files now loaded: 0)
Unloading 15 unused Assets / (99.8 KB). Loaded Objects now: 4028.
Memory consumption went from 128.0 MB to 127.9 MB.
Total: 4.382800 ms (FindLiveObjects: 0.329000 ms CreateObjectMapping: 0.265000 ms MarkObjects: 3.727900 ms  DeleteObjects: 0.059700 ms)

Prepare: number of updated asset objects reloaded= 0
AssetImportParameters requested are different than current active one (requested -> active):
  custom:container-demuxer-ogg: 62fdf1f143b41e24485cea50d1cbac27 -> 
  custom:video-decoder-ogg-theora: a1e56fd34408186e4bbccfd4996cb3dc -> 
  custom:framework-win-MediaFoundation: 216162199b28c13a410421893ffa2e32 -> 
  custom:scripting/monoscript/fileName/HealPickup.cs: 71876bf87905af9fc6eaaa92ce9f9cc1 -> 
  custom:CustomObjectIndexerAttribute: 9a22284fe3817be447336de3de66b15e -> 
  custom:container-demuxer-webm: 4f35f7cbe854078d1ac9338744f61a02 -> 
  custom:container-muxer-webm: aa71ff27fc2769a1b78a27578f13a17b -> 
  custom:video-decoder-webm-vp8: 9c59270c3fd7afecdb556c50c9e8de78 -> 
  custom:SearchIndexIgnoredProperties: e643bd26f0fe6173181afceb89e7c659 -> 
  custom:AudioImporter_EditorPlatform: d09bf68614088b80899f8185d706f6e7 -> 
  custom:video-encoder-webm-vp8: eb34c28f22e8b96e1ab97ce403110664 -> 
  custom:audio-decoder-ogg-vorbis: bf7c407c2cedff20999df2af8eb42d56 -> 
  custom:audio-encoder-webm-vorbis: bf7c407c2cedff20999df2af8eb42d56 -> 
  custom:scripting/precompiled-assembly-types:Assembly-CSharp: 0bba5674f77d92ad328955e8a722c46c -> a9a1178b2d54efcd4a4866cd6fa1f88e
========================================================================
Received Prepare
Caller must complete domain reload
Begin MonoManager ReloadAssembly
- Loaded All Assemblies, in  0.616 seconds
Native extension for WindowsStandalone target not found
Native extension for Android target not found
Mono: successfully reloaded assembly
- Finished resetting the current domain, in  1.635 seconds
Domain Reload Profiling: 2247ms
	BeginReloadAssembly (223ms)
		ExecutionOrderSort (0ms)
		DisableScriptedObjects (9ms)
		BackupInstance (0ms)
		ReleaseScriptingObjects (0ms)
		CreateAndSetChildDomain (43ms)
	RebuildCommonClasses (49ms)
	RebuildNativeTypeToScriptingClass (16ms)
	initialDomainReloadingComplete (40ms)
	LoadAllAssembliesAndSetupDomain (283ms)
		LoadAssemblies (382ms)
		RebuildTransferFunctionScriptingTraits (0ms)
		AnalyzeDomain (33ms)
			TypeCache.Refresh (13ms)
				TypeCache.ScanAssembly (1ms)
			ScanForSourceGeneratedMonoScriptInfo (9ms)
			ResolveRequiredComponents (9ms)
	FinalizeReload (1636ms)
		ReleaseScriptCaches (0ms)
		RebuildScriptCaches (0ms)
		SetupLoadedEditorAssemblies (752ms)
			LogAssemblyErrors (0ms)
			InitializePlatformSupportModulesInManaged (37ms)
			SetLoadedEditorAssemblies (3ms)
			RefreshPlugins (0ms)
			BeforeProcessingInitializeOnLoad (79ms)
			ProcessInitializeOnLoadAttributes (596ms)
			ProcessInitializeOnLoadMethodAttributes (24ms)
			AfterProcessingInitializeOnLoad (12ms)
			EditorAssembliesLoaded (0ms)
		ExecutionOrderSort2 (0ms)
		AwakeInstancesAfterBackupRestoration (13ms)
Refreshing native plugins compatible for Editor in 4.56 ms, found 3 plugins.
Preloading 0 native plugins for Editor in 0.00 ms.
Unloading 3454 Unused Serialized files (Serialized files now loaded: 0)
Unloading 15 unused Assets / (99.7 KB). Loaded Objects now: 4044.
Memory consumption went from 128.1 MB to 128.0 MB.
Total: 4.390900 ms (FindLiveObjects: 0.326400 ms CreateObjectMapping: 0.263500 ms MarkObjects: 3.736700 ms  DeleteObjects: 0.063100 ms)

Prepare: number of updated asset objects reloaded= 0
AssetImportParameters requested are different than current active one (requested -> active):
  custom:container-demuxer-ogg: 62fdf1f143b41e24485cea50d1cbac27 -> 
  custom:video-decoder-ogg-theora: a1e56fd34408186e4bbccfd4996cb3dc -> 
  custom:framework-win-MediaFoundation: 216162199b28c13a410421893ffa2e32 -> 
  custom:scripting/monoscript/fileName/HealPickup.cs: 71876bf87905af9fc6eaaa92ce9f9cc1 -> 
  custom:CustomObjectIndexerAttribute: 9a22284fe3817be447336de3de66b15e -> 
  custom:container-demuxer-webm: 4f35f7cbe854078d1ac9338744f61a02 -> 
  custom:container-muxer-webm: aa71ff27fc2769a1b78a27578f13a17b -> 
  custom:video-decoder-webm-vp8: 9c59270c3fd7afecdb556c50c9e8de78 -> 
  custom:SearchIndexIgnoredProperties: e643bd26f0fe6173181afceb89e7c659 -> 
  custom:AudioImporter_EditorPlatform: d09bf68614088b80899f8185d706f6e7 -> 
  custom:video-encoder-webm-vp8: eb34c28f22e8b96e1ab97ce403110664 -> 
  custom:audio-decoder-ogg-vorbis: bf7c407c2cedff20999df2af8eb42d56 -> 
  custom:audio-encoder-webm-vorbis: bf7c407c2cedff20999df2af8eb42d56 -> 
  custom:scripting/precompiled-assembly-types:Assembly-CSharp: 0bba5674f77d92ad328955e8a722c46c -> a9a1178b2d54efcd4a4866cd6fa1f88e
========================================================================
Received Prepare
Caller must complete domain reload
Begin MonoManager ReloadAssembly
- Loaded All Assemblies, in  0.652 seconds
Native extension for WindowsStandalone target not found
Native extension for Android target not found
Mono: successfully reloaded assembly
- Finished resetting the current domain, in  1.649 seconds
Domain Reload Profiling: 2297ms
	BeginReloadAssembly (201ms)
		ExecutionOrderSort (0ms)
		DisableScriptedObjects (7ms)
		BackupInstance (0ms)
		ReleaseScriptingObjects (0ms)
		CreateAndSetChildDomain (45ms)
	RebuildCommonClasses (50ms)
	RebuildNativeTypeToScriptingClass (15ms)
	initialDomainReloadingComplete (45ms)
	LoadAllAssembliesAndSetupDomain (337ms)
		LoadAssemblies (433ms)
		RebuildTransferFunctionScriptingTraits (0ms)
		AnalyzeDomain (17ms)
			TypeCache.Refresh (6ms)
				TypeCache.ScanAssembly (0ms)
			ScanForSourceGeneratedMonoScriptInfo (0ms)
			ResolveRequiredComponents (10ms)
	FinalizeReload (1650ms)
		ReleaseScriptCaches (0ms)
		RebuildScriptCaches (0ms)
		SetupLoadedEditorAssemblies (928ms)
			LogAssemblyErrors (0ms)
			InitializePlatformSupportModulesInManaged (31ms)
			SetLoadedEditorAssemblies (6ms)
			RefreshPlugins (0ms)
			BeforeProcessingInitializeOnLoad (96ms)
			ProcessInitializeOnLoadAttributes (753ms)
			ProcessInitializeOnLoadMethodAttributes (29ms)
			AfterProcessingInitializeOnLoad (13ms)
			EditorAssembliesLoaded (0ms)
		ExecutionOrderSort2 (0ms)
		AwakeInstancesAfterBackupRestoration (14ms)
Refreshing native plugins compatible for Editor in 5.20 ms, found 3 plugins.
Preloading 0 native plugins for Editor in 0.00 ms.
Unloading 3454 Unused Serialized files (Serialized files now loaded: 0)
Unloading 15 unused Assets / (99.8 KB). Loaded Objects now: 4060.
Memory consumption went from 128.1 MB to 128.0 MB.
Total: 6.100400 ms (FindLiveObjects: 0.386600 ms CreateObjectMapping: 0.343800 ms MarkObjects: 5.302200 ms  DeleteObjects: 0.066600 ms)

Prepare: number of updated asset objects reloaded= 0
AssetImportParameters requested are different than current active one (requested -> active):
  custom:container-demuxer-ogg: 62fdf1f143b41e24485cea50d1cbac27 -> 
  custom:video-decoder-ogg-theora: a1e56fd34408186e4bbccfd4996cb3dc -> 
  custom:framework-win-MediaFoundation: 216162199b28c13a410421893ffa2e32 -> 
  custom:scripting/monoscript/fileName/HealPickup.cs: 71876bf87905af9fc6eaaa92ce9f9cc1 -> 
  custom:CustomObjectIndexerAttribute: 9a22284fe3817be447336de3de66b15e -> 
  custom:container-demuxer-webm: 4f35f7cbe854078d1ac9338744f61a02 -> 
  custom:container-muxer-webm: aa71ff27fc2769a1b78a27578f13a17b -> 
  custom:video-decoder-webm-vp8: 9c59270c3fd7afecdb556c50c9e8de78 -> 
  custom:SearchIndexIgnoredProperties: e643bd26f0fe6173181afceb89e7c659 -> 
  custom:AudioImporter_EditorPlatform: d09bf68614088b80899f8185d706f6e7 -> 
  custom:video-encoder-webm-vp8: eb34c28f22e8b96e1ab97ce403110664 -> 
  custom:audio-decoder-ogg-vorbis: bf7c407c2cedff20999df2af8eb42d56 -> 
  custom:audio-encoder-webm-vorbis: bf7c407c2cedff20999df2af8eb42d56 -> 
  custom:scripting/precompiled-assembly-types:Assembly-CSharp: 0bba5674f77d92ad328955e8a722c46c -> a9a1178b2d54efcd4a4866cd6fa1f88e
========================================================================
Received Prepare
Caller must complete domain reload
Begin MonoManager ReloadAssembly
- Loaded All Assemblies, in  0.700 seconds
Native extension for WindowsStandalone target not found
Native extension for Android target not found
Mono: successfully reloaded assembly
- Finished resetting the current domain, in  1.547 seconds
Domain Reload Profiling: 2243ms
	BeginReloadAssembly (208ms)
		ExecutionOrderSort (0ms)
		DisableScriptedObjects (7ms)
		BackupInstance (0ms)
		ReleaseScriptingObjects (0ms)
		CreateAndSetChildDomain (44ms)
	RebuildCommonClasses (49ms)
	RebuildNativeTypeToScriptingClass (15ms)
	initialDomainReloadingComplete (38ms)
	LoadAllAssembliesAndSetupDomain (385ms)
		LoadAssemblies (481ms)
		RebuildTransferFunctionScriptingTraits (0ms)
		AnalyzeDomain (21ms)
			TypeCache.Refresh (8ms)
				TypeCache.ScanAssembly (0ms)
			ScanForSourceGeneratedMonoScriptInfo (0ms)
			ResolveRequiredComponents (11ms)
	FinalizeReload (1548ms)
		ReleaseScriptCaches (0ms)
		RebuildScriptCaches (0ms)
		SetupLoadedEditorAssemblies (826ms)
			LogAssemblyErrors (0ms)
			InitializePlatformSupportModulesInManaged (30ms)
			SetLoadedEditorAssemblies (6ms)
			RefreshPlugins (0ms)
			BeforeProcessingInitializeOnLoad (95ms)
			ProcessInitializeOnLoadAttributes (656ms)
			ProcessInitializeOnLoadMethodAttributes (26ms)
			AfterProcessingInitializeOnLoad (11ms)
			EditorAssembliesLoaded (0ms)
		ExecutionOrderSort2 (0ms)
		AwakeInstancesAfterBackupRestoration (15ms)
Refreshing native plugins compatible for Editor in 5.52 ms, found 3 plugins.
Preloading 0 native plugins for Editor in 0.00 ms.
Unloading 3454 Unused Serialized files (Serialized files now loaded: 0)
Unloading 15 unused Assets / (99.8 KB). Loaded Objects now: 4076.
Memory consumption went from 128.1 MB to 128.0 MB.
Total: 5.129100 ms (FindLiveObjects: 0.356800 ms CreateObjectMapping: 0.318000 ms MarkObjects: 4.360700 ms  DeleteObjects: 0.092300 ms)

Prepare: number of updated asset objects reloaded= 0
AssetImportParameters requested are different than current active one (requested -> active):
  custom:container-demuxer-ogg: 62fdf1f143b41e24485cea50d1cbac27 -> 
  custom:video-decoder-ogg-theora: a1e56fd34408186e4bbccfd4996cb3dc -> 
  custom:framework-win-MediaFoundation: 216162199b28c13a410421893ffa2e32 -> 
  custom:scripting/monoscript/fileName/HealPickup.cs: 71876bf87905af9fc6eaaa92ce9f9cc1 -> 
  custom:CustomObjectIndexerAttribute: 9a22284fe3817be447336de3de66b15e -> 
  custom:container-demuxer-webm: 4f35f7cbe854078d1ac9338744f61a02 -> 
  custom:container-muxer-webm: aa71ff27fc2769a1b78a27578f13a17b -> 
  custom:video-decoder-webm-vp8: 9c59270c3fd7afecdb556c50c9e8de78 -> 
  custom:SearchIndexIgnoredProperties: e643bd26f0fe6173181afceb89e7c659 -> 
  custom:AudioImporter_EditorPlatform: d09bf68614088b80899f8185d706f6e7 -> 
  custom:video-encoder-webm-vp8: eb34c28f22e8b96e1ab97ce403110664 -> 
  custom:audio-decoder-ogg-vorbis: bf7c407c2cedff20999df2af8eb42d56 -> 
  custom:audio-encoder-webm-vorbis: bf7c407c2cedff20999df2af8eb42d56 -> 
  custom:scripting/precompiled-assembly-types:Assembly-CSharp: 0bba5674f77d92ad328955e8a722c46c -> a9a1178b2d54efcd4a4866cd6fa1f88e
========================================================================
Received Prepare
Caller must complete domain reload
Begin MonoManager ReloadAssembly
- Loaded All Assemblies, in  0.619 seconds
Native extension for WindowsStandalone target not found
Native extension for Android target not found
Mono: successfully reloaded assembly
- Finished resetting the current domain, in  1.689 seconds
Domain Reload Profiling: 2304ms
	BeginReloadAssembly (214ms)
		ExecutionOrderSort (0ms)
		DisableScriptedObjects (7ms)
		BackupInstance (0ms)
		ReleaseScriptingObjects (0ms)
		CreateAndSetChildDomain (41ms)
	RebuildCommonClasses (44ms)
	RebuildNativeTypeToScriptingClass (21ms)
	initialDomainReloadingComplete (41ms)
	LoadAllAssembliesAndSetupDomain (294ms)
		LoadAssemblies (395ms)
		RebuildTransferFunctionScriptingTraits (0ms)
		AnalyzeDomain (22ms)
			TypeCache.Refresh (8ms)
				TypeCache.ScanAssembly (0ms)
			ScanForSourceGeneratedMonoScriptInfo (0ms)
			ResolveRequiredComponents (13ms)
	FinalizeReload (1690ms)
		ReleaseScriptCaches (0ms)
		RebuildScriptCaches (0ms)
		SetupLoadedEditorAssemblies (940ms)
			LogAssemblyErrors (0ms)
			InitializePlatformSupportModulesInManaged (37ms)
			SetLoadedEditorAssemblies (8ms)
			RefreshPlugins (0ms)
			BeforeProcessingInitializeOnLoad (107ms)
			ProcessInitializeOnLoadAttributes (744ms)
			ProcessInitializeOnLoadMethodAttributes (30ms)
			AfterProcessingInitializeOnLoad (12ms)
			EditorAssembliesLoaded (0ms)
		ExecutionOrderSort2 (0ms)
		AwakeInstancesAfterBackupRestoration (17ms)
Refreshing native plugins compatible for Editor in 5.89 ms, found 3 plugins.
Preloading 0 native plugins for Editor in 0.00 ms.
Unloading 3454 Unused Serialized files (Serialized files now loaded: 0)
Unloading 15 unused Assets / (99.7 KB). Loaded Objects now: 4092.
Memory consumption went from 128.1 MB to 128.0 MB.
Total: 6.723500 ms (FindLiveObjects: 0.380700 ms CreateObjectMapping: 0.362500 ms MarkObjects: 5.883000 ms  DeleteObjects: 0.096100 ms)

Prepare: number of updated asset objects reloaded= 0
AssetImportParameters requested are different than current active one (requested -> active):
  custom:container-demuxer-ogg: 62fdf1f143b41e24485cea50d1cbac27 -> 
  custom:video-decoder-ogg-theora: a1e56fd34408186e4bbccfd4996cb3dc -> 
  custom:framework-win-MediaFoundation: 216162199b28c13a410421893ffa2e32 -> 
  custom:scripting/monoscript/fileName/HealPickup.cs: 71876bf87905af9fc6eaaa92ce9f9cc1 -> 
  custom:CustomObjectIndexerAttribute: 9a22284fe3817be447336de3de66b15e -> 
  custom:container-demuxer-webm: 4f35f7cbe854078d1ac9338744f61a02 -> 
  custom:container-muxer-webm: aa71ff27fc2769a1b78a27578f13a17b -> 
  custom:video-decoder-webm-vp8: 9c59270c3fd7afecdb556c50c9e8de78 -> 
  custom:SearchIndexIgnoredProperties: e643bd26f0fe6173181afceb89e7c659 -> 
  custom:AudioImporter_EditorPlatform: d09bf68614088b80899f8185d706f6e7 -> 
  custom:video-encoder-webm-vp8: eb34c28f22e8b96e1ab97ce403110664 -> 
  custom:audio-decoder-ogg-vorbis: bf7c407c2cedff20999df2af8eb42d56 -> 
  custom:audio-encoder-webm-vorbis: bf7c407c2cedff20999df2af8eb42d56 -> 
  custom:scripting/precompiled-assembly-types:Assembly-CSharp: 0bba5674f77d92ad328955e8a722c46c -> a9a1178b2d54efcd4a4866cd6fa1f88e
========================================================================
Received Prepare
Caller must complete domain reload
Begin MonoManager ReloadAssembly
- Loaded All Assemblies, in  0.557 seconds
Native extension for WindowsStandalone target not found
Native extension for Android target not found
Mono: successfully reloaded assembly
- Finished resetting the current domain, in  1.692 seconds
Domain Reload Profiling: 2245ms
	BeginReloadAssembly (203ms)
		ExecutionOrderSort (0ms)
		DisableScriptedObjects (7ms)
		BackupInstance (0ms)
		ReleaseScriptingObjects (0ms)
		CreateAndSetChildDomain (45ms)
	RebuildCommonClasses (43ms)
	RebuildNativeTypeToScriptingClass (15ms)
	initialDomainReloadingComplete (38ms)
	LoadAllAssembliesAndSetupDomain (254ms)
		LoadAssemblies (351ms)
		RebuildTransferFunctionScriptingTraits (0ms)
		AnalyzeDomain (17ms)
			TypeCache.Refresh (7ms)
				TypeCache.ScanAssembly (0ms)
			ScanForSourceGeneratedMonoScriptInfo (0ms)
			ResolveRequiredComponents (9ms)
	FinalizeReload (1692ms)
		ReleaseScriptCaches (0ms)
		RebuildScriptCaches (0ms)
		SetupLoadedEditorAssemblies (966ms)
			LogAssemblyErrors (0ms)
			InitializePlatformSupportModulesInManaged (43ms)
			SetLoadedEditorAssemblies (9ms)
			RefreshPlugins (0ms)
			BeforeProcessingInitializeOnLoad (107ms)
			ProcessInitializeOnLoadAttributes (758ms)
			ProcessInitializeOnLoadMethodAttributes (35ms)
			AfterProcessingInitializeOnLoad (14ms)
			EditorAssembliesLoaded (0ms)
		ExecutionOrderSort2 (0ms)
		AwakeInstancesAfterBackupRestoration (15ms)
Refreshing native plugins compatible for Editor in 6.13 ms, found 3 plugins.
Preloading 0 native plugins for Editor in 0.00 ms.
Unloading 3454 Unused Serialized files (Serialized files now loaded: 0)
Unloading 15 unused Assets / (99.8 KB). Loaded Objects now: 4108.
Memory consumption went from 128.1 MB to 128.0 MB.
Total: 4.766000 ms (FindLiveObjects: 0.342200 ms CreateObjectMapping: 0.298900 ms MarkObjects: 4.036100 ms  DeleteObjects: 0.087200 ms)

Prepare: number of updated asset objects reloaded= 0
AssetImportParameters requested are different than current active one (requested -> active):
  custom:container-demuxer-ogg: 62fdf1f143b41e24485cea50d1cbac27 -> 
  custom:video-decoder-ogg-theora: a1e56fd34408186e4bbccfd4996cb3dc -> 
  custom:framework-win-MediaFoundation: 216162199b28c13a410421893ffa2e32 -> 
  custom:scripting/monoscript/fileName/HealPickup.cs: 71876bf87905af9fc6eaaa92ce9f9cc1 -> 
  custom:CustomObjectIndexerAttribute: 9a22284fe3817be447336de3de66b15e -> 
  custom:container-demuxer-webm: 4f35f7cbe854078d1ac9338744f61a02 -> 
  custom:container-muxer-webm: aa71ff27fc2769a1b78a27578f13a17b -> 
  custom:video-decoder-webm-vp8: 9c59270c3fd7afecdb556c50c9e8de78 -> 
  custom:SearchIndexIgnoredProperties: e643bd26f0fe6173181afceb89e7c659 -> 
  custom:AudioImporter_EditorPlatform: d09bf68614088b80899f8185d706f6e7 -> 
  custom:video-encoder-webm-vp8: eb34c28f22e8b96e1ab97ce403110664 -> 
  custom:audio-decoder-ogg-vorbis: bf7c407c2cedff20999df2af8eb42d56 -> 
  custom:audio-encoder-webm-vorbis: bf7c407c2cedff20999df2af8eb42d56 -> 
  custom:scripting/precompiled-assembly-types:Assembly-CSharp: 0bba5674f77d92ad328955e8a722c46c -> a9a1178b2d54efcd4a4866cd6fa1f88e
========================================================================
Received Prepare
Caller must complete domain reload
Begin MonoManager ReloadAssembly
- Loaded All Assemblies, in  0.704 seconds
Native extension for WindowsStandalone target not found
Native extension for Android target not found
Mono: successfully reloaded assembly
- Finished resetting the current domain, in  1.784 seconds
Domain Reload Profiling: 2484ms
	BeginReloadAssembly (296ms)
		ExecutionOrderSort (0ms)
		DisableScriptedObjects (10ms)
		BackupInstance (0ms)
		ReleaseScriptingObjects (0ms)
		CreateAndSetChildDomain (40ms)
	RebuildCommonClasses (59ms)
	RebuildNativeTypeToScriptingClass (20ms)
	initialDomainReloadingComplete (46ms)
	LoadAllAssembliesAndSetupDomain (278ms)
		LoadAssemblies (465ms)
		RebuildTransferFunctionScriptingTraits (0ms)
		AnalyzeDomain (22ms)
			TypeCache.Refresh (9ms)
				TypeCache.ScanAssembly (0ms)
			ScanForSourceGeneratedMonoScriptInfo (0ms)
			ResolveRequiredComponents (12ms)
	FinalizeReload (1784ms)
		ReleaseScriptCaches (0ms)
		RebuildScriptCaches (0ms)
		SetupLoadedEditorAssemblies (992ms)
			LogAssemblyErrors (0ms)
			InitializePlatformSupportModulesInManaged (38ms)
			SetLoadedEditorAssemblies (5ms)
			RefreshPlugins (0ms)
			BeforeProcessingInitializeOnLoad (99ms)
			ProcessInitializeOnLoadAttributes (800ms)
			ProcessInitializeOnLoadMethodAttributes (36ms)
			AfterProcessingInitializeOnLoad (15ms)
			EditorAssembliesLoaded (0ms)
		ExecutionOrderSort2 (0ms)
		AwakeInstancesAfterBackupRestoration (17ms)
Refreshing native plugins compatible for Editor in 5.79 ms, found 3 plugins.
Preloading 0 native plugins for Editor in 0.00 ms.
Unloading 3454 Unused Serialized files (Serialized files now loaded: 0)
Unloading 15 unused Assets / (99.8 KB). Loaded Objects now: 4124.
Memory consumption went from 128.1 MB to 128.0 MB.
Total: 5.844300 ms (FindLiveObjects: 0.593600 ms CreateObjectMapping: 0.608200 ms MarkObjects: 4.563300 ms  DeleteObjects: 0.077400 ms)

Prepare: number of updated asset objects reloaded= 0
AssetImportParameters requested are different than current active one (requested -> active):
  custom:container-demuxer-ogg: 62fdf1f143b41e24485cea50d1cbac27 -> 
  custom:video-decoder-ogg-theora: a1e56fd34408186e4bbccfd4996cb3dc -> 
  custom:framework-win-MediaFoundation: 216162199b28c13a410421893ffa2e32 -> 
  custom:scripting/monoscript/fileName/HealPickup.cs: 71876bf87905af9fc6eaaa92ce9f9cc1 -> 
  custom:CustomObjectIndexerAttribute: 9a22284fe3817be447336de3de66b15e -> 
  custom:container-demuxer-webm: 4f35f7cbe854078d1ac9338744f61a02 -> 
  custom:container-muxer-webm: aa71ff27fc2769a1b78a27578f13a17b -> 
  custom:video-decoder-webm-vp8: 9c59270c3fd7afecdb556c50c9e8de78 -> 
  custom:SearchIndexIgnoredProperties: e643bd26f0fe6173181afceb89e7c659 -> 
  custom:AudioImporter_EditorPlatform: d09bf68614088b80899f8185d706f6e7 -> 
  custom:video-encoder-webm-vp8: eb34c28f22e8b96e1ab97ce403110664 -> 
  custom:audio-decoder-ogg-vorbis: bf7c407c2cedff20999df2af8eb42d56 -> 
  custom:audio-encoder-webm-vorbis: bf7c407c2cedff20999df2af8eb42d56 -> 
  custom:scripting/precompiled-assembly-types:Assembly-CSharp: 0bba5674f77d92ad328955e8a722c46c -> a9a1178b2d54efcd4a4866cd6fa1f88e
========================================================================
Received Prepare
Caller must complete domain reload
Begin MonoManager ReloadAssembly
- Loaded All Assemblies, in  0.627 seconds
Native extension for WindowsStandalone target not found
Native extension for Android target not found
Mono: successfully reloaded assembly
- Finished resetting the current domain, in  1.950 seconds
Domain Reload Profiling: 2570ms
	BeginReloadAssembly (219ms)
		ExecutionOrderSort (0ms)
		DisableScriptedObjects (10ms)
		BackupInstance (0ms)
		ReleaseScriptingObjects (0ms)
		CreateAndSetChildDomain (48ms)
	RebuildCommonClasses (45ms)
	RebuildNativeTypeToScriptingClass (15ms)
	initialDomainReloadingComplete (42ms)
	LoadAllAssembliesAndSetupDomain (299ms)
		LoadAssemblies (403ms)
		RebuildTransferFunctionScriptingTraits (0ms)
		AnalyzeDomain (18ms)
			TypeCache.Refresh (7ms)
				TypeCache.ScanAssembly (0ms)
			ScanForSourceGeneratedMonoScriptInfo (0ms)
			ResolveRequiredComponents (9ms)
	FinalizeReload (1950ms)
		ReleaseScriptCaches (0ms)
		RebuildScriptCaches (0ms)
		SetupLoadedEditorAssemblies (1114ms)
			LogAssemblyErrors (0ms)
			InitializePlatformSupportModulesInManaged (33ms)
			SetLoadedEditorAssemblies (8ms)
			RefreshPlugins (0ms)
			BeforeProcessingInitializeOnLoad (115ms)
			ProcessInitializeOnLoadAttributes (900ms)
			ProcessInitializeOnLoadMethodAttributes (41ms)
			AfterProcessingInitializeOnLoad (17ms)
			EditorAssembliesLoaded (0ms)
		ExecutionOrderSort2 (0ms)
		AwakeInstancesAfterBackupRestoration (19ms)
Refreshing native plugins compatible for Editor in 6.62 ms, found 3 plugins.
Preloading 0 native plugins for Editor in 0.00 ms.
Unloading 3454 Unused Serialized files (Serialized files now loaded: 0)
Unloading 15 unused Assets / (99.8 KB). Loaded Objects now: 4140.
Memory consumption went from 128.2 MB to 128.1 MB.
Total: 5.174100 ms (FindLiveObjects: 0.451900 ms CreateObjectMapping: 0.422400 ms MarkObjects: 4.230700 ms  DeleteObjects: 0.068100 ms)

Prepare: number of updated asset objects reloaded= 0
AssetImportParameters requested are different than current active one (requested -> active):
  custom:container-demuxer-ogg: 62fdf1f143b41e24485cea50d1cbac27 -> 
  custom:video-decoder-ogg-theora: a1e56fd34408186e4bbccfd4996cb3dc -> 
  custom:framework-win-MediaFoundation: 216162199b28c13a410421893ffa2e32 -> 
  custom:scripting/monoscript/fileName/HealPickup.cs: 71876bf87905af9fc6eaaa92ce9f9cc1 -> 
  custom:CustomObjectIndexerAttribute: 9a22284fe3817be447336de3de66b15e -> 
  custom:container-demuxer-webm: 4f35f7cbe854078d1ac9338744f61a02 -> 
  custom:container-muxer-webm: aa71ff27fc2769a1b78a27578f13a17b -> 
  custom:video-decoder-webm-vp8: 9c59270c3fd7afecdb556c50c9e8de78 -> 
  custom:SearchIndexIgnoredProperties: e643bd26f0fe6173181afceb89e7c659 -> 
  custom:AudioImporter_EditorPlatform: d09bf68614088b80899f8185d706f6e7 -> 
  custom:video-encoder-webm-vp8: eb34c28f22e8b96e1ab97ce403110664 -> 
  custom:audio-decoder-ogg-vorbis: bf7c407c2cedff20999df2af8eb42d56 -> 
  custom:audio-encoder-webm-vorbis: bf7c407c2cedff20999df2af8eb42d56 -> 
  custom:scripting/precompiled-assembly-types:Assembly-CSharp: 0bba5674f77d92ad328955e8a722c46c -> a9a1178b2d54efcd4a4866cd6fa1f88e
========================================================================
Received Prepare
Caller must complete domain reload
Begin MonoManager ReloadAssembly
- Loaded All Assemblies, in  0.760 seconds
Native extension for WindowsStandalone target not found
Native extension for Android target not found
Mono: successfully reloaded assembly
- Finished resetting the current domain, in  1.940 seconds
Domain Reload Profiling: 2696ms
	BeginReloadAssembly (263ms)
		ExecutionOrderSort (0ms)
		DisableScriptedObjects (8ms)
		BackupInstance (0ms)
		ReleaseScriptingObjects (0ms)
		CreateAndSetChildDomain (42ms)
	RebuildCommonClasses (62ms)
	RebuildNativeTypeToScriptingClass (16ms)
	initialDomainReloadingComplete (44ms)
	LoadAllAssembliesAndSetupDomain (370ms)
		LoadAssemblies (516ms)
		RebuildTransferFunctionScriptingTraits (0ms)
		AnalyzeDomain (20ms)
			TypeCache.Refresh (8ms)
				TypeCache.ScanAssembly (0ms)
			ScanForSourceGeneratedMonoScriptInfo (0ms)
			ResolveRequiredComponents (11ms)
	FinalizeReload (1941ms)
		ReleaseScriptCaches (0ms)
		RebuildScriptCaches (0ms)
		SetupLoadedEditorAssemblies (1058ms)
			LogAssemblyErrors (0ms)
			InitializePlatformSupportModulesInManaged (41ms)
			SetLoadedEditorAssemblies (5ms)
			RefreshPlugins (0ms)
			BeforeProcessingInitializeOnLoad (102ms)
			ProcessInitializeOnLoadAttributes (858ms)
			ProcessInitializeOnLoadMethodAttributes (35ms)
			AfterProcessingInitializeOnLoad (17ms)
			EditorAssembliesLoaded (0ms)
		ExecutionOrderSort2 (0ms)
		AwakeInstancesAfterBackupRestoration (17ms)
Refreshing native plugins compatible for Editor in 6.63 ms, found 3 plugins.
Preloading 0 native plugins for Editor in 0.00 ms.
Unloading 3454 Unused Serialized files (Serialized files now loaded: 0)
Unloading 15 unused Assets / (99.8 KB). Loaded Objects now: 4156.
Memory consumption went from 128.2 MB to 128.1 MB.
Total: 6.725500 ms (FindLiveObjects: 0.402200 ms CreateObjectMapping: 0.357900 ms MarkObjects: 5.863400 ms  DeleteObjects: 0.100200 ms)

Prepare: number of updated asset objects reloaded= 0
AssetImportParameters requested are different than current active one (requested -> active):
  custom:container-demuxer-ogg: 62fdf1f143b41e24485cea50d1cbac27 -> 
  custom:video-decoder-ogg-theora: a1e56fd34408186e4bbccfd4996cb3dc -> 
  custom:framework-win-MediaFoundation: 216162199b28c13a410421893ffa2e32 -> 
  custom:scripting/monoscript/fileName/HealPickup.cs: 71876bf87905af9fc6eaaa92ce9f9cc1 -> 
  custom:CustomObjectIndexerAttribute: 9a22284fe3817be447336de3de66b15e -> 
  custom:container-demuxer-webm: 4f35f7cbe854078d1ac9338744f61a02 -> 
  custom:container-muxer-webm: aa71ff27fc2769a1b78a27578f13a17b -> 
  custom:video-decoder-webm-vp8: 9c59270c3fd7afecdb556c50c9e8de78 -> 
  custom:SearchIndexIgnoredProperties: e643bd26f0fe6173181afceb89e7c659 -> 
  custom:AudioImporter_EditorPlatform: d09bf68614088b80899f8185d706f6e7 -> 
  custom:video-encoder-webm-vp8: eb34c28f22e8b96e1ab97ce403110664 -> 
  custom:audio-decoder-ogg-vorbis: bf7c407c2cedff20999df2af8eb42d56 -> 
  custom:audio-encoder-webm-vorbis: bf7c407c2cedff20999df2af8eb42d56 -> 
  custom:scripting/precompiled-assembly-types:Assembly-CSharp: 0bba5674f77d92ad328955e8a722c46c -> a9a1178b2d54efcd4a4866cd6fa1f88e
========================================================================
Received Prepare
Caller must complete domain reload
Begin MonoManager ReloadAssembly
- Loaded All Assemblies, in  0.629 seconds
Native extension for WindowsStandalone target not found
Native extension for Android target not found
Mono: successfully reloaded assembly
- Finished resetting the current domain, in  1.619 seconds
Domain Reload Profiling: 2244ms
	BeginReloadAssembly (231ms)
		ExecutionOrderSort (0ms)
		DisableScriptedObjects (7ms)
		BackupInstance (0ms)
		ReleaseScriptingObjects (0ms)
		CreateAndSetChildDomain (54ms)
	RebuildCommonClasses (43ms)
	RebuildNativeTypeToScriptingClass (20ms)
	initialDomainReloadingComplete (38ms)
	LoadAllAssembliesAndSetupDomain (292ms)
		LoadAssemblies (390ms)
		RebuildTransferFunctionScriptingTraits (0ms)
		AnalyzeDomain (28ms)
			TypeCache.Refresh (9ms)
				TypeCache.ScanAssembly (0ms)
			ScanForSourceGeneratedMonoScriptInfo (8ms)
			ResolveRequiredComponents (9ms)
	FinalizeReload (1620ms)
		ReleaseScriptCaches (0ms)
		RebuildScriptCaches (0ms)
		SetupLoadedEditorAssemblies (819ms)
			LogAssemblyErrors (0ms)
			InitializePlatformSupportModulesInManaged (33ms)
			SetLoadedEditorAssemblies (4ms)
			RefreshPlugins (0ms)
			BeforeProcessingInitializeOnLoad (86ms)
			ProcessInitializeOnLoadAttributes (656ms)
			ProcessInitializeOnLoadMethodAttributes (28ms)
			AfterProcessingInitializeOnLoad (10ms)
			EditorAssembliesLoaded (0ms)
		ExecutionOrderSort2 (0ms)
		AwakeInstancesAfterBackupRestoration (13ms)
Refreshing native plugins compatible for Editor in 4.75 ms, found 3 plugins.
Preloading 0 native plugins for Editor in 0.00 ms.
Unloading 3454 Unused Serialized files (Serialized files now loaded: 0)
Unloading 15 unused Assets / (99.8 KB). Loaded Objects now: 4172.
Memory consumption went from 128.2 MB to 128.1 MB.
Total: 5.114600 ms (FindLiveObjects: 0.368200 ms CreateObjectMapping: 0.459600 ms MarkObjects: 4.210500 ms  DeleteObjects: 0.075200 ms)

Prepare: number of updated asset objects reloaded= 0
AssetImportParameters requested are different than current active one (requested -> active):
  custom:container-demuxer-ogg: 62fdf1f143b41e24485cea50d1cbac27 -> 
  custom:video-decoder-ogg-theora: a1e56fd34408186e4bbccfd4996cb3dc -> 
  custom:framework-win-MediaFoundation: 216162199b28c13a410421893ffa2e32 -> 
  custom:scripting/monoscript/fileName/HealPickup.cs: 71876bf87905af9fc6eaaa92ce9f9cc1 -> 
  custom:CustomObjectIndexerAttribute: 9a22284fe3817be447336de3de66b15e -> 
  custom:container-demuxer-webm: 4f35f7cbe854078d1ac9338744f61a02 -> 
  custom:container-muxer-webm: aa71ff27fc2769a1b78a27578f13a17b -> 
  custom:video-decoder-webm-vp8: 9c59270c3fd7afecdb556c50c9e8de78 -> 
  custom:SearchIndexIgnoredProperties: e643bd26f0fe6173181afceb89e7c659 -> 
  custom:AudioImporter_EditorPlatform: d09bf68614088b80899f8185d706f6e7 -> 
  custom:video-encoder-webm-vp8: eb34c28f22e8b96e1ab97ce403110664 -> 
  custom:audio-decoder-ogg-vorbis: bf7c407c2cedff20999df2af8eb42d56 -> 
  custom:audio-encoder-webm-vorbis: bf7c407c2cedff20999df2af8eb42d56 -> 
  custom:scripting/precompiled-assembly-types:Assembly-CSharp: 0bba5674f77d92ad328955e8a722c46c -> a9a1178b2d54efcd4a4866cd6fa1f88e
========================================================================
Received Prepare
Caller must complete domain reload
Begin MonoManager ReloadAssembly
- Loaded All Assemblies, in  0.571 seconds
Native extension for WindowsStandalone target not found
Native extension for Android target not found
Mono: successfully reloaded assembly
- Finished resetting the current domain, in  1.550 seconds
Domain Reload Profiling: 2117ms
	BeginReloadAssembly (198ms)
		ExecutionOrderSort (0ms)
		DisableScriptedObjects (7ms)
		BackupInstance (0ms)
		ReleaseScriptingObjects (0ms)
		CreateAndSetChildDomain (39ms)
	RebuildCommonClasses (43ms)
	RebuildNativeTypeToScriptingClass (15ms)
	initialDomainReloadingComplete (46ms)
	LoadAllAssembliesAndSetupDomain (266ms)
		LoadAssemblies (361ms)
		RebuildTransferFunctionScriptingTraits (0ms)
		AnalyzeDomain (21ms)
			TypeCache.Refresh (6ms)
				TypeCache.ScanAssembly (0ms)
			ScanForSourceGeneratedMonoScriptInfo (0ms)
			ResolveRequiredComponents (12ms)
	FinalizeReload (1550ms)
		ReleaseScriptCaches (0ms)
		RebuildScriptCaches (0ms)
		SetupLoadedEditorAssemblies (837ms)
			LogAssemblyErrors (0ms)
			InitializePlatformSupportModulesInManaged (31ms)
			SetLoadedEditorAssemblies (5ms)
			RefreshPlugins (0ms)
			BeforeProcessingInitializeOnLoad (83ms)
			ProcessInitializeOnLoadAttributes (679ms)
			ProcessInitializeOnLoadMethodAttributes (28ms)
			AfterProcessingInitializeOnLoad (11ms)
			EditorAssembliesLoaded (0ms)
		ExecutionOrderSort2 (0ms)
		AwakeInstancesAfterBackupRestoration (13ms)
Refreshing native plugins compatible for Editor in 6.67 ms, found 3 plugins.
Preloading 0 native plugins for Editor in 0.00 ms.
Unloading 3454 Unused Serialized files (Serialized files now loaded: 0)
Unloading 15 unused Assets / (99.8 KB). Loaded Objects now: 4188.
Memory consumption went from 128.2 MB to 128.1 MB.
Total: 5.862700 ms (FindLiveObjects: 0.379700 ms CreateObjectMapping: 0.333300 ms MarkObjects: 5.063400 ms  DeleteObjects: 0.084800 ms)

Prepare: number of updated asset objects reloaded= 0
AssetImportParameters requested are different than current active one (requested -> active):
  custom:container-demuxer-ogg: 62fdf1f143b41e24485cea50d1cbac27 -> 
  custom:video-decoder-ogg-theora: a1e56fd34408186e4bbccfd4996cb3dc -> 
  custom:framework-win-MediaFoundation: 216162199b28c13a410421893ffa2e32 -> 
  custom:scripting/monoscript/fileName/HealPickup.cs: 71876bf87905af9fc6eaaa92ce9f9cc1 -> 
  custom:CustomObjectIndexerAttribute: 9a22284fe3817be447336de3de66b15e -> 
  custom:container-demuxer-webm: 4f35f7cbe854078d1ac9338744f61a02 -> 
  custom:container-muxer-webm: aa71ff27fc2769a1b78a27578f13a17b -> 
  custom:video-decoder-webm-vp8: 9c59270c3fd7afecdb556c50c9e8de78 -> 
  custom:SearchIndexIgnoredProperties: e643bd26f0fe6173181afceb89e7c659 -> 
  custom:AudioImporter_EditorPlatform: d09bf68614088b80899f8185d706f6e7 -> 
  custom:video-encoder-webm-vp8: eb34c28f22e8b96e1ab97ce403110664 -> 
  custom:audio-decoder-ogg-vorbis: bf7c407c2cedff20999df2af8eb42d56 -> 
  custom:audio-encoder-webm-vorbis: bf7c407c2cedff20999df2af8eb42d56 -> 
  custom:scripting/precompiled-assembly-types:Assembly-CSharp: 0bba5674f77d92ad328955e8a722c46c -> a9a1178b2d54efcd4a4866cd6fa1f88e
========================================================================
Received Import Request.
  Time since last request: 194262.800359 seconds.
  path: Assets/Virus 1/Virus 5 b animated 2.prefab
  artifactKey: Guid(da5fd7734a4fb694ea68435301636a90) Importer(815301076,1909f56bfc062723c751e8b465ee728b)
Start importing Assets/Virus 1/Virus 5 b animated 2.prefab using Guid(da5fd7734a4fb694ea68435301636a90) Importer(815301076,1909f56bfc062723c751e8b465ee728b) [PhysX] Initialized MultithreadedTaskDispatcher with 12 workers.
[PhysX] Initialized MultithreadedTaskDispatcher with 12 workers.
 -> (artifact id: 'ffb75ba09b96196ee6e72147731f72c6') in 0.230429 seconds
Number of updated asset objects reloaded before import = 0
Number of asset objects unloaded after import = 122
========================================================================
Received Prepare
Caller must complete domain reload
Begin MonoManager ReloadAssembly
- Loaded All Assemblies, in  0.571 seconds
Native extension for WindowsStandalone target not found
Native extension for Android target not found
Mono: successfully reloaded assembly
- Finished resetting the current domain, in  1.689 seconds
Domain Reload Profiling: 2257ms
	BeginReloadAssembly (199ms)
		ExecutionOrderSort (0ms)
		DisableScriptedObjects (7ms)
		BackupInstance (0ms)
		ReleaseScriptingObjects (0ms)
		CreateAndSetChildDomain (40ms)
	RebuildCommonClasses (50ms)
	RebuildNativeTypeToScriptingClass (16ms)
	initialDomainReloadingComplete (39ms)
	LoadAllAssembliesAndSetupDomain (263ms)
		LoadAssemblies (361ms)
		RebuildTransferFunctionScriptingTraits (0ms)
		AnalyzeDomain (18ms)
			TypeCache.Refresh (7ms)
				TypeCache.ScanAssembly (0ms)
			ScanForSourceGeneratedMonoScriptInfo (0ms)
			ResolveRequiredComponents (9ms)
	FinalizeReload (1690ms)
		ReleaseScriptCaches (0ms)
		RebuildScriptCaches (0ms)
		SetupLoadedEditorAssemblies (937ms)
			LogAssemblyErrors (0ms)
			InitializePlatformSupportModulesInManaged (31ms)
			SetLoadedEditorAssemblies (7ms)
			RefreshPlugins (0ms)
			BeforeProcessingInitializeOnLoad (93ms)
			ProcessInitializeOnLoadAttributes (759ms)
			ProcessInitializeOnLoadMethodAttributes (33ms)
			AfterProcessingInitializeOnLoad (14ms)
			EditorAssembliesLoaded (0ms)
		ExecutionOrderSort2 (0ms)
		AwakeInstancesAfterBackupRestoration (15ms)
Refreshing native plugins compatible for Editor in 6.13 ms, found 3 plugins.
Preloading 0 native plugins for Editor in 0.00 ms.
Unloading 3453 Unused Serialized files (Serialized files now loaded: 0)
Unloading 15 unused Assets / (99.7 KB). Loaded Objects now: 4214.
Memory consumption went from 134.0 MB to 133.9 MB.
Total: 4.807800 ms (FindLiveObjects: 0.353800 ms CreateObjectMapping: 0.392000 ms MarkObjects: 3.987300 ms  DeleteObjects: 0.073400 ms)

Prepare: number of updated asset objects reloaded= 0
AssetImportParameters requested are different than current active one (requested -> active):
  custom:container-demuxer-ogg: 62fdf1f143b41e24485cea50d1cbac27 -> 
  custom:video-decoder-ogg-theora: a1e56fd34408186e4bbccfd4996cb3dc -> 
  custom:framework-win-MediaFoundation: 216162199b28c13a410421893ffa2e32 -> 
  custom:scripting/monoscript/fileName/HealPickup.cs: 71876bf87905af9fc6eaaa92ce9f9cc1 -> 
  custom:CustomObjectIndexerAttribute: 9a22284fe3817be447336de3de66b15e -> 
  custom:container-demuxer-webm: 4f35f7cbe854078d1ac9338744f61a02 -> 
  custom:container-muxer-webm: aa71ff27fc2769a1b78a27578f13a17b -> 
  custom:video-decoder-webm-vp8: 9c59270c3fd7afecdb556c50c9e8de78 -> 
  custom:SearchIndexIgnoredProperties: e643bd26f0fe6173181afceb89e7c659 -> 
  custom:AudioImporter_EditorPlatform: d09bf68614088b80899f8185d706f6e7 -> 
  custom:video-encoder-webm-vp8: eb34c28f22e8b96e1ab97ce403110664 -> 
  custom:audio-decoder-ogg-vorbis: bf7c407c2cedff20999df2af8eb42d56 -> 
  custom:audio-encoder-webm-vorbis: bf7c407c2cedff20999df2af8eb42d56 -> 
  custom:scripting/precompiled-assembly-types:Assembly-CSharp: 0bba5674f77d92ad328955e8a722c46c -> a9a1178b2d54efcd4a4866cd6fa1f88e
========================================================================
Received Prepare
Caller must complete domain reload
Begin MonoManager ReloadAssembly
- Loaded All Assemblies, in  0.565 seconds
Native extension for WindowsStandalone target not found
Native extension for Android target not found
Mono: successfully reloaded assembly
- Finished resetting the current domain, in  1.777 seconds
Domain Reload Profiling: 2338ms
	BeginReloadAssembly (194ms)
		ExecutionOrderSort (0ms)
		DisableScriptedObjects (7ms)
		BackupInstance (0ms)
		ReleaseScriptingObjects (0ms)
		CreateAndSetChildDomain (38ms)
	RebuildCommonClasses (44ms)
	RebuildNativeTypeToScriptingClass (15ms)
	initialDomainReloadingComplete (38ms)
	LoadAllAssembliesAndSetupDomain (270ms)
		LoadAssemblies (362ms)
		RebuildTransferFunctionScriptingTraits (0ms)
		AnalyzeDomain (21ms)
			TypeCache.Refresh (7ms)
				TypeCache.ScanAssembly (0ms)
			ScanForSourceGeneratedMonoScriptInfo (0ms)
			ResolveRequiredComponents (12ms)
	FinalizeReload (1777ms)
		ReleaseScriptCaches (0ms)
		RebuildScriptCaches (0ms)
		SetupLoadedEditorAssemblies (949ms)
			LogAssemblyErrors (0ms)
			InitializePlatformSupportModulesInManaged (35ms)
			SetLoadedEditorAssemblies (7ms)
			RefreshPlugins (0ms)
			BeforeProcessingInitializeOnLoad (106ms)
			ProcessInitializeOnLoadAttributes (754ms)
			ProcessInitializeOnLoadMethodAttributes (32ms)
			AfterProcessingInitializeOnLoad (14ms)
			EditorAssembliesLoaded (0ms)
		ExecutionOrderSort2 (0ms)
		AwakeInstancesAfterBackupRestoration (14ms)
Refreshing native plugins compatible for Editor in 5.88 ms, found 3 plugins.
Preloading 0 native plugins for Editor in 0.00 ms.
Unloading 3454 Unused Serialized files (Serialized files now loaded: 0)
Unloading 15 unused Assets / (99.7 KB). Loaded Objects now: 4230.
Memory consumption went from 134.3 MB to 134.2 MB.
Total: 6.408400 ms (FindLiveObjects: 0.448400 ms CreateObjectMapping: 0.399900 ms MarkObjects: 5.480500 ms  DeleteObjects: 0.078500 ms)

Prepare: number of updated asset objects reloaded= 0
AssetImportParameters requested are different than current active one (requested -> active):
  custom:container-demuxer-ogg: 62fdf1f143b41e24485cea50d1cbac27 -> 
  custom:video-decoder-ogg-theora: a1e56fd34408186e4bbccfd4996cb3dc -> 
  custom:framework-win-MediaFoundation: 216162199b28c13a410421893ffa2e32 -> 
  custom:scripting/monoscript/fileName/HealPickup.cs: 71876bf87905af9fc6eaaa92ce9f9cc1 -> 
  custom:CustomObjectIndexerAttribute: 9a22284fe3817be447336de3de66b15e -> 
  custom:container-demuxer-webm: 4f35f7cbe854078d1ac9338744f61a02 -> 
  custom:container-muxer-webm: aa71ff27fc2769a1b78a27578f13a17b -> 
  custom:video-decoder-webm-vp8: 9c59270c3fd7afecdb556c50c9e8de78 -> 
  custom:SearchIndexIgnoredProperties: e643bd26f0fe6173181afceb89e7c659 -> 
  custom:AudioImporter_EditorPlatform: d09bf68614088b80899f8185d706f6e7 -> 
  custom:video-encoder-webm-vp8: eb34c28f22e8b96e1ab97ce403110664 -> 
  custom:audio-decoder-ogg-vorbis: bf7c407c2cedff20999df2af8eb42d56 -> 
  custom:audio-encoder-webm-vorbis: bf7c407c2cedff20999df2af8eb42d56 -> 
  custom:scripting/precompiled-assembly-types:Assembly-CSharp: 0bba5674f77d92ad328955e8a722c46c -> a9a1178b2d54efcd4a4866cd6fa1f88e
========================================================================
Received Prepare
Caller must complete domain reload
Begin MonoManager ReloadAssembly
- Loaded All Assemblies, in  0.599 seconds
Native extension for WindowsStandalone target not found
Native extension for Android target not found
Mono: successfully reloaded assembly
- Finished resetting the current domain, in  1.925 seconds
Domain Reload Profiling: 2521ms
	BeginReloadAssembly (205ms)
		ExecutionOrderSort (0ms)
		DisableScriptedObjects (8ms)
		BackupInstance (0ms)
		ReleaseScriptingObjects (0ms)
		CreateAndSetChildDomain (46ms)
	RebuildCommonClasses (45ms)
	RebuildNativeTypeToScriptingClass (15ms)
	initialDomainReloadingComplete (40ms)
	LoadAllAssembliesAndSetupDomain (290ms)
		LoadAssemblies (379ms)
		RebuildTransferFunctionScriptingTraits (0ms)
		AnalyzeDomain (23ms)
			TypeCache.Refresh (7ms)
				TypeCache.ScanAssembly (0ms)
			ScanForSourceGeneratedMonoScriptInfo (0ms)
			ResolveRequiredComponents (14ms)
	FinalizeReload (1926ms)
		ReleaseScriptCaches (0ms)
		RebuildScriptCaches (0ms)
		SetupLoadedEditorAssemblies (1023ms)
			LogAssemblyErrors (0ms)
			InitializePlatformSupportModulesInManaged (38ms)
			SetLoadedEditorAssemblies (5ms)
			RefreshPlugins (0ms)
			BeforeProcessingInitializeOnLoad (112ms)
			ProcessInitializeOnLoadAttributes (820ms)
			ProcessInitializeOnLoadMethodAttributes (34ms)
			AfterProcessingInitializeOnLoad (15ms)
			EditorAssembliesLoaded (0ms)
		ExecutionOrderSort2 (0ms)
		AwakeInstancesAfterBackupRestoration (16ms)
Refreshing native plugins compatible for Editor in 5.44 ms, found 3 plugins.
Preloading 0 native plugins for Editor in 0.00 ms.
Unloading 3454 Unused Serialized files (Serialized files now loaded: 0)
Unloading 15 unused Assets / (99.7 KB). Loaded Objects now: 4246.
Memory consumption went from 134.3 MB to 134.2 MB.
Total: 5.046900 ms (FindLiveObjects: 0.403100 ms CreateObjectMapping: 0.293500 ms MarkObjects: 4.281700 ms  DeleteObjects: 0.067300 ms)

Prepare: number of updated asset objects reloaded= 0
AssetImportParameters requested are different than current active one (requested -> active):
  custom:container-demuxer-ogg: 62fdf1f143b41e24485cea50d1cbac27 -> 
  custom:video-decoder-ogg-theora: a1e56fd34408186e4bbccfd4996cb3dc -> 
  custom:framework-win-MediaFoundation: 216162199b28c13a410421893ffa2e32 -> 
  custom:scripting/monoscript/fileName/HealPickup.cs: 71876bf87905af9fc6eaaa92ce9f9cc1 -> 
  custom:CustomObjectIndexerAttribute: 9a22284fe3817be447336de3de66b15e -> 
  custom:container-demuxer-webm: 4f35f7cbe854078d1ac9338744f61a02 -> 
  custom:container-muxer-webm: aa71ff27fc2769a1b78a27578f13a17b -> 
  custom:video-decoder-webm-vp8: 9c59270c3fd7afecdb556c50c9e8de78 -> 
  custom:SearchIndexIgnoredProperties: e643bd26f0fe6173181afceb89e7c659 -> 
  custom:AudioImporter_EditorPlatform: d09bf68614088b80899f8185d706f6e7 -> 
  custom:video-encoder-webm-vp8: eb34c28f22e8b96e1ab97ce403110664 -> 
  custom:audio-decoder-ogg-vorbis: bf7c407c2cedff20999df2af8eb42d56 -> 
  custom:audio-encoder-webm-vorbis: bf7c407c2cedff20999df2af8eb42d56 -> 
  custom:scripting/precompiled-assembly-types:Assembly-CSharp: 0bba5674f77d92ad328955e8a722c46c -> a9a1178b2d54efcd4a4866cd6fa1f88e
========================================================================
Received Prepare
Caller must complete domain reload
Begin MonoManager ReloadAssembly
- Loaded All Assemblies, in  0.628 seconds
Native extension for WindowsStandalone target not found
Native extension for Android target not found
Mono: successfully reloaded assembly
- Finished resetting the current domain, in  1.929 seconds
Domain Reload Profiling: 2554ms
	BeginReloadAssembly (223ms)
		ExecutionOrderSort (0ms)
		DisableScriptedObjects (7ms)
		BackupInstance (0ms)
		ReleaseScriptingObjects (0ms)
		CreateAndSetChildDomain (44ms)
	RebuildCommonClasses (52ms)
	RebuildNativeTypeToScriptingClass (20ms)
	initialDomainReloadingComplete (45ms)
	LoadAllAssembliesAndSetupDomain (283ms)
		LoadAssemblies (394ms)
		RebuildTransferFunctionScriptingTraits (0ms)
		AnalyzeDomain (19ms)
			TypeCache.Refresh (7ms)
				TypeCache.ScanAssembly (0ms)
			ScanForSourceGeneratedMonoScriptInfo (0ms)
			ResolveRequiredComponents (10ms)
	FinalizeReload (1931ms)
		ReleaseScriptCaches (0ms)
		RebuildScriptCaches (0ms)
		SetupLoadedEditorAssemblies (1064ms)
			LogAssemblyErrors (0ms)
			InitializePlatformSupportModulesInManaged (34ms)
			SetLoadedEditorAssemblies (4ms)
			RefreshPlugins (0ms)
			BeforeProcessingInitializeOnLoad (103ms)
			ProcessInitializeOnLoadAttributes (866ms)
			ProcessInitializeOnLoadMethodAttributes (40ms)
			AfterProcessingInitializeOnLoad (16ms)
			EditorAssembliesLoaded (0ms)
		ExecutionOrderSort2 (0ms)
		AwakeInstancesAfterBackupRestoration (18ms)
Refreshing native plugins compatible for Editor in 6.55 ms, found 3 plugins.
Preloading 0 native plugins for Editor in 0.00 ms.
Unloading 3454 Unused Serialized files (Serialized files now loaded: 0)
Unloading 15 unused Assets / (99.7 KB). Loaded Objects now: 4262.
Memory consumption went from 134.3 MB to 134.2 MB.
Total: 5.470400 ms (FindLiveObjects: 0.406700 ms CreateObjectMapping: 0.398800 ms MarkObjects: 4.584600 ms  DeleteObjects: 0.079000 ms)

Prepare: number of updated asset objects reloaded= 0
AssetImportParameters requested are different than current active one (requested -> active):
  custom:container-demuxer-ogg: 62fdf1f143b41e24485cea50d1cbac27 -> 
  custom:video-decoder-ogg-theora: a1e56fd34408186e4bbccfd4996cb3dc -> 
  custom:framework-win-MediaFoundation: 216162199b28c13a410421893ffa2e32 -> 
  custom:scripting/monoscript/fileName/HealPickup.cs: 71876bf87905af9fc6eaaa92ce9f9cc1 -> 
  custom:CustomObjectIndexerAttribute: 9a22284fe3817be447336de3de66b15e -> 
  custom:container-demuxer-webm: 4f35f7cbe854078d1ac9338744f61a02 -> 
  custom:container-muxer-webm: aa71ff27fc2769a1b78a27578f13a17b -> 
  custom:video-decoder-webm-vp8: 9c59270c3fd7afecdb556c50c9e8de78 -> 
  custom:SearchIndexIgnoredProperties: e643bd26f0fe6173181afceb89e7c659 -> 
  custom:AudioImporter_EditorPlatform: d09bf68614088b80899f8185d706f6e7 -> 
  custom:video-encoder-webm-vp8: eb34c28f22e8b96e1ab97ce403110664 -> 
  custom:audio-decoder-ogg-vorbis: bf7c407c2cedff20999df2af8eb42d56 -> 
  custom:audio-encoder-webm-vorbis: bf7c407c2cedff20999df2af8eb42d56 -> 
  custom:scripting/precompiled-assembly-types:Assembly-CSharp: 0bba5674f77d92ad328955e8a722c46c -> a9a1178b2d54efcd4a4866cd6fa1f88e
========================================================================
Received Prepare
Caller must complete domain reload
Begin MonoManager ReloadAssembly
- Loaded All Assemblies, in  0.600 seconds
Native extension for WindowsStandalone target not found
Native extension for Android target not found
Mono: successfully reloaded assembly
- Finished resetting the current domain, in  1.664 seconds
Domain Reload Profiling: 2259ms
	BeginReloadAssembly (208ms)
		ExecutionOrderSort (0ms)
		DisableScriptedObjects (7ms)
		BackupInstance (0ms)
		ReleaseScriptingObjects (0ms)
		CreateAndSetChildDomain (37ms)
	RebuildCommonClasses (50ms)
	RebuildNativeTypeToScriptingClass (15ms)
	initialDomainReloadingComplete (40ms)
	LoadAllAssembliesAndSetupDomain (281ms)
		LoadAssemblies (382ms)
		RebuildTransferFunctionScriptingTraits (0ms)
		AnalyzeDomain (22ms)
			TypeCache.Refresh (7ms)
				TypeCache.ScanAssembly (0ms)
			ScanForSourceGeneratedMonoScriptInfo (0ms)
			ResolveRequiredComponents (13ms)
	FinalizeReload (1664ms)
		ReleaseScriptCaches (0ms)
		RebuildScriptCaches (0ms)
		SetupLoadedEditorAssemblies (927ms)
			LogAssemblyErrors (0ms)
			InitializePlatformSupportModulesInManaged (33ms)
			SetLoadedEditorAssemblies (4ms)
			RefreshPlugins (0ms)
			BeforeProcessingInitializeOnLoad (95ms)
			ProcessInitializeOnLoadAttributes (748ms)
			ProcessInitializeOnLoadMethodAttributes (35ms)
			AfterProcessingInitializeOnLoad (11ms)
			EditorAssembliesLoaded (0ms)
		ExecutionOrderSort2 (0ms)
		AwakeInstancesAfterBackupRestoration (16ms)
Refreshing native plugins compatible for Editor in 5.80 ms, found 3 plugins.
Preloading 0 native plugins for Editor in 0.00 ms.
Unloading 3454 Unused Serialized files (Serialized files now loaded: 0)
Unloading 15 unused Assets / (99.8 KB). Loaded Objects now: 4278.
Memory consumption went from 134.3 MB to 134.2 MB.
Total: 6.010700 ms (FindLiveObjects: 0.366100 ms CreateObjectMapping: 0.281500 ms MarkObjects: 5.290900 ms  DeleteObjects: 0.071000 ms)

Prepare: number of updated asset objects reloaded= 0
AssetImportParameters requested are different than current active one (requested -> active):
  custom:container-demuxer-ogg: 62fdf1f143b41e24485cea50d1cbac27 -> 
  custom:video-decoder-ogg-theora: a1e56fd34408186e4bbccfd4996cb3dc -> 
  custom:framework-win-MediaFoundation: 216162199b28c13a410421893ffa2e32 -> 
  custom:scripting/monoscript/fileName/HealPickup.cs: 71876bf87905af9fc6eaaa92ce9f9cc1 -> 
  custom:CustomObjectIndexerAttribute: 9a22284fe3817be447336de3de66b15e -> 
  custom:container-demuxer-webm: 4f35f7cbe854078d1ac9338744f61a02 -> 
  custom:container-muxer-webm: aa71ff27fc2769a1b78a27578f13a17b -> 
  custom:video-decoder-webm-vp8: 9c59270c3fd7afecdb556c50c9e8de78 -> 
  custom:SearchIndexIgnoredProperties: e643bd26f0fe6173181afceb89e7c659 -> 
  custom:AudioImporter_EditorPlatform: d09bf68614088b80899f8185d706f6e7 -> 
  custom:video-encoder-webm-vp8: eb34c28f22e8b96e1ab97ce403110664 -> 
  custom:audio-decoder-ogg-vorbis: bf7c407c2cedff20999df2af8eb42d56 -> 
  custom:audio-encoder-webm-vorbis: bf7c407c2cedff20999df2af8eb42d56 -> 
  custom:scripting/precompiled-assembly-types:Assembly-CSharp: 0bba5674f77d92ad328955e8a722c46c -> a9a1178b2d54efcd4a4866cd6fa1f88e
========================================================================
Received Prepare
Caller must complete domain reload
Begin MonoManager ReloadAssembly
- Loaded All Assemblies, in  0.582 seconds
Native extension for WindowsStandalone target not found
Native extension for Android target not found
Mono: successfully reloaded assembly
- Finished resetting the current domain, in  1.948 seconds
Domain Reload Profiling: 2527ms
	BeginReloadAssembly (204ms)
		ExecutionOrderSort (0ms)
		DisableScriptedObjects (7ms)
		BackupInstance (0ms)
		ReleaseScriptingObjects (0ms)
		CreateAndSetChildDomain (41ms)
	RebuildCommonClasses (47ms)
	RebuildNativeTypeToScriptingClass (21ms)
	initialDomainReloadingComplete (40ms)
	LoadAllAssembliesAndSetupDomain (267ms)
		LoadAssemblies (362ms)
		RebuildTransferFunctionScriptingTraits (0ms)
		AnalyzeDomain (18ms)
			TypeCache.Refresh (7ms)
				TypeCache.ScanAssembly (0ms)
			ScanForSourceGeneratedMonoScriptInfo (0ms)
			ResolveRequiredComponents (9ms)
	FinalizeReload (1949ms)
		ReleaseScriptCaches (0ms)
		RebuildScriptCaches (0ms)
		SetupLoadedEditorAssemblies (1096ms)
			LogAssemblyErrors (0ms)
			InitializePlatformSupportModulesInManaged (33ms)
			SetLoadedEditorAssemblies (8ms)
			RefreshPlugins (0ms)
			BeforeProcessingInitializeOnLoad (107ms)
			ProcessInitializeOnLoadAttributes (882ms)
			ProcessInitializeOnLoadMethodAttributes (49ms)
			AfterProcessingInitializeOnLoad (16ms)
			EditorAssembliesLoaded (1ms)
		ExecutionOrderSort2 (0ms)
		AwakeInstancesAfterBackupRestoration (21ms)
Refreshing native plugins compatible for Editor in 6.23 ms, found 3 plugins.
Preloading 0 native plugins for Editor in 0.00 ms.
Unloading 3454 Unused Serialized files (Serialized files now loaded: 0)
Unloading 15 unused Assets / (99.8 KB). Loaded Objects now: 4294.
Memory consumption went from 134.4 MB to 134.3 MB.
Total: 5.989000 ms (FindLiveObjects: 0.401000 ms CreateObjectMapping: 0.335300 ms MarkObjects: 5.147700 ms  DeleteObjects: 0.103700 ms)

Prepare: number of updated asset objects reloaded= 0
AssetImportParameters requested are different than current active one (requested -> active):
  custom:container-demuxer-ogg: 62fdf1f143b41e24485cea50d1cbac27 -> 
  custom:video-decoder-ogg-theora: a1e56fd34408186e4bbccfd4996cb3dc -> 
  custom:framework-win-MediaFoundation: 216162199b28c13a410421893ffa2e32 -> 
  custom:scripting/monoscript/fileName/HealPickup.cs: 71876bf87905af9fc6eaaa92ce9f9cc1 -> 
  custom:CustomObjectIndexerAttribute: 9a22284fe3817be447336de3de66b15e -> 
  custom:container-demuxer-webm: 4f35f7cbe854078d1ac9338744f61a02 -> 
  custom:container-muxer-webm: aa71ff27fc2769a1b78a27578f13a17b -> 
  custom:video-decoder-webm-vp8: 9c59270c3fd7afecdb556c50c9e8de78 -> 
  custom:SearchIndexIgnoredProperties: e643bd26f0fe6173181afceb89e7c659 -> 
  custom:AudioImporter_EditorPlatform: d09bf68614088b80899f8185d706f6e7 -> 
  custom:video-encoder-webm-vp8: eb34c28f22e8b96e1ab97ce403110664 -> 
  custom:audio-decoder-ogg-vorbis: bf7c407c2cedff20999df2af8eb42d56 -> 
  custom:audio-encoder-webm-vorbis: bf7c407c2cedff20999df2af8eb42d56 -> 
  custom:scripting/precompiled-assembly-types:Assembly-CSharp: 0bba5674f77d92ad328955e8a722c46c -> a9a1178b2d54efcd4a4866cd6fa1f88e
========================================================================
Received Prepare
Caller must complete domain reload
Begin MonoManager ReloadAssembly
- Loaded All Assemblies, in  0.578 seconds
Native extension for WindowsStandalone target not found
Native extension for Android target not found
Mono: successfully reloaded assembly
- Finished resetting the current domain, in  1.601 seconds
Domain Reload Profiling: 2175ms
	BeginReloadAssembly (203ms)
		ExecutionOrderSort (0ms)
		DisableScriptedObjects (7ms)
		BackupInstance (0ms)
		ReleaseScriptingObjects (0ms)
		CreateAndSetChildDomain (38ms)
	RebuildCommonClasses (46ms)
	RebuildNativeTypeToScriptingClass (16ms)
	initialDomainReloadingComplete (39ms)
	LoadAllAssembliesAndSetupDomain (270ms)
		LoadAssemblies (374ms)
		RebuildTransferFunctionScriptingTraits (0ms)
		AnalyzeDomain (18ms)
			TypeCache.Refresh (6ms)
				TypeCache.ScanAssembly (0ms)
			ScanForSourceGeneratedMonoScriptInfo (0ms)
			ResolveRequiredComponents (9ms)
	FinalizeReload (1602ms)
		ReleaseScriptCaches (0ms)
		RebuildScriptCaches (0ms)
		SetupLoadedEditorAssemblies (873ms)
			LogAssemblyErrors (0ms)
			InitializePlatformSupportModulesInManaged (33ms)
			SetLoadedEditorAssemblies (7ms)
			RefreshPlugins (0ms)
			BeforeProcessingInitializeOnLoad (96ms)
			ProcessInitializeOnLoadAttributes (698ms)
			ProcessInitializeOnLoadMethodAttributes (27ms)
			AfterProcessingInitializeOnLoad (11ms)
			EditorAssembliesLoaded (0ms)
		ExecutionOrderSort2 (0ms)
		AwakeInstancesAfterBackupRestoration (14ms)
Refreshing native plugins compatible for Editor in 4.77 ms, found 3 plugins.
Preloading 0 native plugins for Editor in 0.00 ms.
Unloading 3454 Unused Serialized files (Serialized files now loaded: 0)
Unloading 15 unused Assets / (99.7 KB). Loaded Objects now: 4310.
Memory consumption went from 134.4 MB to 134.3 MB.
Total: 6.457600 ms (FindLiveObjects: 0.402200 ms CreateObjectMapping: 0.333000 ms MarkObjects: 5.652400 ms  DeleteObjects: 0.068800 ms)

Prepare: number of updated asset objects reloaded= 0
AssetImportParameters requested are different than current active one (requested -> active):
  custom:container-demuxer-ogg: 62fdf1f143b41e24485cea50d1cbac27 -> 
  custom:video-decoder-ogg-theora: a1e56fd34408186e4bbccfd4996cb3dc -> 
  custom:framework-win-MediaFoundation: 216162199b28c13a410421893ffa2e32 -> 
  custom:scripting/monoscript/fileName/HealPickup.cs: 71876bf87905af9fc6eaaa92ce9f9cc1 -> 
  custom:CustomObjectIndexerAttribute: 9a22284fe3817be447336de3de66b15e -> 
  custom:container-demuxer-webm: 4f35f7cbe854078d1ac9338744f61a02 -> 
  custom:container-muxer-webm: aa71ff27fc2769a1b78a27578f13a17b -> 
  custom:video-decoder-webm-vp8: 9c59270c3fd7afecdb556c50c9e8de78 -> 
  custom:SearchIndexIgnoredProperties: e643bd26f0fe6173181afceb89e7c659 -> 
  custom:AudioImporter_EditorPlatform: d09bf68614088b80899f8185d706f6e7 -> 
  custom:video-encoder-webm-vp8: eb34c28f22e8b96e1ab97ce403110664 -> 
  custom:audio-decoder-ogg-vorbis: bf7c407c2cedff20999df2af8eb42d56 -> 
  custom:audio-encoder-webm-vorbis: bf7c407c2cedff20999df2af8eb42d56 -> 
  custom:scripting/precompiled-assembly-types:Assembly-CSharp: 0bba5674f77d92ad328955e8a722c46c -> a9a1178b2d54efcd4a4866cd6fa1f88e
========================================================================
Received Prepare
Caller must complete domain reload
Begin MonoManager ReloadAssembly
- Loaded All Assemblies, in  0.618 seconds
Native extension for WindowsStandalone target not found
Native extension for Android target not found
Mono: successfully reloaded assembly
- Finished resetting the current domain, in  1.659 seconds
Domain Reload Profiling: 2272ms
	BeginReloadAssembly (208ms)
		ExecutionOrderSort (0ms)
		DisableScriptedObjects (8ms)
		BackupInstance (0ms)
		ReleaseScriptingObjects (0ms)
		CreateAndSetChildDomain (41ms)
	RebuildCommonClasses (46ms)
	RebuildNativeTypeToScriptingClass (24ms)
	initialDomainReloadingComplete (43ms)
	LoadAllAssembliesAndSetupDomain (293ms)
		LoadAssemblies (388ms)
		RebuildTransferFunctionScriptingTraits (0ms)
		AnalyzeDomain (24ms)
			TypeCache.Refresh (8ms)
				TypeCache.ScanAssembly (0ms)
			ScanForSourceGeneratedMonoScriptInfo (0ms)
			ResolveRequiredComponents (13ms)
	FinalizeReload (1659ms)
		ReleaseScriptCaches (0ms)
		RebuildScriptCaches (0ms)
		SetupLoadedEditorAssemblies (877ms)
			LogAssemblyErrors (0ms)
			InitializePlatformSupportModulesInManaged (36ms)
			SetLoadedEditorAssemblies (4ms)
			RefreshPlugins (0ms)
			BeforeProcessingInitializeOnLoad (87ms)
			ProcessInitializeOnLoadAttributes (709ms)
			ProcessInitializeOnLoadMethodAttributes (29ms)
			AfterProcessingInitializeOnLoad (12ms)
			EditorAssembliesLoaded (0ms)
		ExecutionOrderSort2 (0ms)
		AwakeInstancesAfterBackupRestoration (18ms)
Refreshing native plugins compatible for Editor in 6.36 ms, found 3 plugins.
Preloading 0 native plugins for Editor in 0.00 ms.
Unloading 3454 Unused Serialized files (Serialized files now loaded: 0)
Unloading 15 unused Assets / (99.8 KB). Loaded Objects now: 4326.
Memory consumption went from 134.4 MB to 134.3 MB.
Total: 4.707900 ms (FindLiveObjects: 0.366200 ms CreateObjectMapping: 0.293900 ms MarkObjects: 3.979600 ms  DeleteObjects: 0.067000 ms)

Prepare: number of updated asset objects reloaded= 0
AssetImportParameters requested are different than current active one (requested -> active):
  custom:container-demuxer-ogg: 62fdf1f143b41e24485cea50d1cbac27 -> 
  custom:video-decoder-ogg-theora: a1e56fd34408186e4bbccfd4996cb3dc -> 
  custom:framework-win-MediaFoundation: 216162199b28c13a410421893ffa2e32 -> 
  custom:scripting/monoscript/fileName/HealPickup.cs: 71876bf87905af9fc6eaaa92ce9f9cc1 -> 
  custom:CustomObjectIndexerAttribute: 9a22284fe3817be447336de3de66b15e -> 
  custom:container-demuxer-webm: 4f35f7cbe854078d1ac9338744f61a02 -> 
  custom:container-muxer-webm: aa71ff27fc2769a1b78a27578f13a17b -> 
  custom:video-decoder-webm-vp8: 9c59270c3fd7afecdb556c50c9e8de78 -> 
  custom:SearchIndexIgnoredProperties: e643bd26f0fe6173181afceb89e7c659 -> 
  custom:AudioImporter_EditorPlatform: d09bf68614088b80899f8185d706f6e7 -> 
  custom:video-encoder-webm-vp8: eb34c28f22e8b96e1ab97ce403110664 -> 
  custom:audio-decoder-ogg-vorbis: bf7c407c2cedff20999df2af8eb42d56 -> 
  custom:audio-encoder-webm-vorbis: bf7c407c2cedff20999df2af8eb42d56 -> 
  custom:scripting/precompiled-assembly-types:Assembly-CSharp: 0bba5674f77d92ad328955e8a722c46c -> a9a1178b2d54efcd4a4866cd6fa1f88e
========================================================================
Received Import Request.
  Time since last request: 1208.047742 seconds.
  path: Assets/Virus 1/Virus 5 b animated 2.prefab
  artifactKey: Guid(da5fd7734a4fb694ea68435301636a90) Importer(815301076,1909f56bfc062723c751e8b465ee728b)
Start importing Assets/Virus 1/Virus 5 b animated 2.prefab using Guid(da5fd7734a4fb694ea68435301636a90) Importer(815301076,1909f56bfc062723c751e8b465ee728b) [PhysX] Initialized MultithreadedTaskDispatcher with 12 workers.
[PhysX] Initialized MultithreadedTaskDispatcher with 12 workers.
 -> (artifact id: 'c25c563877cc092a78b2d2382d410e1d') in 0.124618 seconds
Number of updated asset objects reloaded before import = 0
Number of asset objects unloaded after import = 122
========================================================================
Received Prepare
Caller must complete domain reload
Begin MonoManager ReloadAssembly
- Loaded All Assemblies, in  0.597 seconds
Native extension for WindowsStandalone target not found
Native extension for Android target not found
Mono: successfully reloaded assembly
- Finished resetting the current domain, in  1.701 seconds
Domain Reload Profiling: 2293ms
	BeginReloadAssembly (205ms)
		ExecutionOrderSort (0ms)
		DisableScriptedObjects (6ms)
		BackupInstance (0ms)
		ReleaseScriptingObjects (0ms)
		CreateAndSetChildDomain (41ms)
	RebuildCommonClasses (43ms)
	RebuildNativeTypeToScriptingClass (15ms)
	initialDomainReloadingComplete (46ms)
	LoadAllAssembliesAndSetupDomain (283ms)
		LoadAssemblies (382ms)
		RebuildTransferFunctionScriptingTraits (0ms)
		AnalyzeDomain (17ms)
			TypeCache.Refresh (6ms)
				TypeCache.ScanAssembly (0ms)
			ScanForSourceGeneratedMonoScriptInfo (0ms)
			ResolveRequiredComponents (9ms)
	FinalizeReload (1702ms)
		ReleaseScriptCaches (0ms)
		RebuildScriptCaches (0ms)
		SetupLoadedEditorAssemblies (975ms)
			LogAssemblyErrors (0ms)
			InitializePlatformSupportModulesInManaged (45ms)
			SetLoadedEditorAssemblies (5ms)
			RefreshPlugins (0ms)
			BeforeProcessingInitializeOnLoad (109ms)
			ProcessInitializeOnLoadAttributes (771ms)
			ProcessInitializeOnLoadMethodAttributes (30ms)
			AfterProcessingInitializeOnLoad (14ms)
			EditorAssembliesLoaded (0ms)
		ExecutionOrderSort2 (0ms)
		AwakeInstancesAfterBackupRestoration (19ms)
Refreshing native plugins compatible for Editor in 5.85 ms, found 3 plugins.
Preloading 0 native plugins for Editor in 0.00 ms.
Unloading 3453 Unused Serialized files (Serialized files now loaded: 0)
Unloading 15 unused Assets / (99.8 KB). Loaded Objects now: 4342.
Memory consumption went from 134.2 MB to 134.1 MB.
Total: 5.094800 ms (FindLiveObjects: 0.446900 ms CreateObjectMapping: 0.426800 ms MarkObjects: 4.149400 ms  DeleteObjects: 0.070500 ms)

Prepare: number of updated asset objects reloaded= 0
AssetImportParameters requested are different than current active one (requested -> active):
  custom:container-demuxer-ogg: 62fdf1f143b41e24485cea50d1cbac27 -> 
  custom:video-decoder-ogg-theora: a1e56fd34408186e4bbccfd4996cb3dc -> 
  custom:framework-win-MediaFoundation: 216162199b28c13a410421893ffa2e32 -> 
  custom:scripting/monoscript/fileName/HealPickup.cs: 71876bf87905af9fc6eaaa92ce9f9cc1 -> 
  custom:CustomObjectIndexerAttribute: 9a22284fe3817be447336de3de66b15e -> 
  custom:container-demuxer-webm: 4f35f7cbe854078d1ac9338744f61a02 -> 
  custom:container-muxer-webm: aa71ff27fc2769a1b78a27578f13a17b -> 
  custom:video-decoder-webm-vp8: 9c59270c3fd7afecdb556c50c9e8de78 -> 
  custom:SearchIndexIgnoredProperties: e643bd26f0fe6173181afceb89e7c659 -> 
  custom:AudioImporter_EditorPlatform: d09bf68614088b80899f8185d706f6e7 -> 
  custom:video-encoder-webm-vp8: eb34c28f22e8b96e1ab97ce403110664 -> 
  custom:audio-decoder-ogg-vorbis: bf7c407c2cedff20999df2af8eb42d56 -> 
  custom:audio-encoder-webm-vorbis: bf7c407c2cedff20999df2af8eb42d56 -> 
  custom:scripting/precompiled-assembly-types:Assembly-CSharp: 0bba5674f77d92ad328955e8a722c46c -> a9a1178b2d54efcd4a4866cd6fa1f88e
========================================================================
Received Prepare
Caller must complete domain reload
Begin MonoManager ReloadAssembly
- Loaded All Assemblies, in  0.697 seconds
Native extension for WindowsStandalone target not found
Native extension for Android target not found
Mono: successfully reloaded assembly
- Finished resetting the current domain, in  1.986 seconds
Domain Reload Profiling: 2679ms
	BeginReloadAssembly (232ms)
		ExecutionOrderSort (0ms)
		DisableScriptedObjects (9ms)
		BackupInstance (0ms)
		ReleaseScriptingObjects (0ms)
		CreateAndSetChildDomain (41ms)
	RebuildCommonClasses (57ms)
	RebuildNativeTypeToScriptingClass (24ms)
	initialDomainReloadingComplete (58ms)
	LoadAllAssembliesAndSetupDomain (321ms)
		LoadAssemblies (441ms)
		RebuildTransferFunctionScriptingTraits (0ms)
		AnalyzeDomain (22ms)
			TypeCache.Refresh (8ms)
				TypeCache.ScanAssembly (0ms)
			ScanForSourceGeneratedMonoScriptInfo (0ms)
			ResolveRequiredComponents (12ms)
	FinalizeReload (1987ms)
		ReleaseScriptCaches (0ms)
		RebuildScriptCaches (0ms)
		SetupLoadedEditorAssemblies (1103ms)
			LogAssemblyErrors (0ms)
			InitializePlatformSupportModulesInManaged (44ms)
			SetLoadedEditorAssemblies (5ms)
			RefreshPlugins (0ms)
			BeforeProcessingInitializeOnLoad (118ms)
			ProcessInitializeOnLoadAttributes (879ms)
			ProcessInitializeOnLoadMethodAttributes (42ms)
			AfterProcessingInitializeOnLoad (15ms)
			EditorAssembliesLoaded (0ms)
		ExecutionOrderSort2 (0ms)
		AwakeInstancesAfterBackupRestoration (18ms)
Refreshing native plugins compatible for Editor in 6.24 ms, found 3 plugins.
Preloading 0 native plugins for Editor in 0.00 ms.
Unloading 3454 Unused Serialized files (Serialized files now loaded: 0)
Unloading 15 unused Assets / (99.8 KB). Loaded Objects now: 4358.
Memory consumption went from 134.4 MB to 134.3 MB.
Total: 5.930500 ms (FindLiveObjects: 0.422900 ms CreateObjectMapping: 0.369000 ms MarkObjects: 5.054200 ms  DeleteObjects: 0.083100 ms)

Prepare: number of updated asset objects reloaded= 0
AssetImportParameters requested are different than current active one (requested -> active):
  custom:container-demuxer-ogg: 62fdf1f143b41e24485cea50d1cbac27 -> 
  custom:video-decoder-ogg-theora: a1e56fd34408186e4bbccfd4996cb3dc -> 
  custom:framework-win-MediaFoundation: 216162199b28c13a410421893ffa2e32 -> 
  custom:scripting/monoscript/fileName/HealPickup.cs: 71876bf87905af9fc6eaaa92ce9f9cc1 -> 
  custom:CustomObjectIndexerAttribute: 9a22284fe3817be447336de3de66b15e -> 
  custom:container-demuxer-webm: 4f35f7cbe854078d1ac9338744f61a02 -> 
  custom:container-muxer-webm: aa71ff27fc2769a1b78a27578f13a17b -> 
  custom:video-decoder-webm-vp8: 9c59270c3fd7afecdb556c50c9e8de78 -> 
  custom:SearchIndexIgnoredProperties: e643bd26f0fe6173181afceb89e7c659 -> 
  custom:AudioImporter_EditorPlatform: d09bf68614088b80899f8185d706f6e7 -> 
  custom:video-encoder-webm-vp8: eb34c28f22e8b96e1ab97ce403110664 -> 
  custom:audio-decoder-ogg-vorbis: bf7c407c2cedff20999df2af8eb42d56 -> 
  custom:audio-encoder-webm-vorbis: bf7c407c2cedff20999df2af8eb42d56 -> 
  custom:scripting/precompiled-assembly-types:Assembly-CSharp: 0bba5674f77d92ad328955e8a722c46c -> a9a1178b2d54efcd4a4866cd6fa1f88e
========================================================================
Received Prepare
Caller must complete domain reload
Begin MonoManager ReloadAssembly
- Loaded All Assemblies, in  0.589 seconds
Native extension for WindowsStandalone target not found
Native extension for Android target not found
Mono: successfully reloaded assembly
- Finished resetting the current domain, in  1.809 seconds
Domain Reload Profiling: 2394ms
	BeginReloadAssembly (194ms)
		ExecutionOrderSort (0ms)
		DisableScriptedObjects (10ms)
		BackupInstance (0ms)
		ReleaseScriptingObjects (0ms)
		CreateAndSetChildDomain (39ms)
	RebuildCommonClasses (45ms)
	RebuildNativeTypeToScriptingClass (16ms)
	initialDomainReloadingComplete (40ms)
	LoadAllAssembliesAndSetupDomain (290ms)
		LoadAssemblies (380ms)
		RebuildTransferFunctionScriptingTraits (0ms)
		AnalyzeDomain (19ms)
			TypeCache.Refresh (7ms)
				TypeCache.ScanAssembly (0ms)
			ScanForSourceGeneratedMonoScriptInfo (0ms)
			ResolveRequiredComponents (10ms)
	FinalizeReload (1810ms)
		ReleaseScriptCaches (0ms)
		RebuildScriptCaches (0ms)
		SetupLoadedEditorAssemblies (975ms)
			LogAssemblyErrors (0ms)
			InitializePlatformSupportModulesInManaged (38ms)
			SetLoadedEditorAssemblies (7ms)
			RefreshPlugins (0ms)
			BeforeProcessingInitializeOnLoad (98ms)
			ProcessInitializeOnLoadAttributes (785ms)
			ProcessInitializeOnLoadMethodAttributes (33ms)
			AfterProcessingInitializeOnLoad (13ms)
			EditorAssembliesLoaded (0ms)
		ExecutionOrderSort2 (0ms)
		AwakeInstancesAfterBackupRestoration (15ms)
Refreshing native plugins compatible for Editor in 5.67 ms, found 3 plugins.
Preloading 0 native plugins for Editor in 0.00 ms.
Unloading 3454 Unused Serialized files (Serialized files now loaded: 0)
Unloading 15 unused Assets / (99.8 KB). Loaded Objects now: 4374.
Memory consumption went from 134.5 MB to 134.4 MB.
Total: 5.680000 ms (FindLiveObjects: 0.535000 ms CreateObjectMapping: 0.486200 ms MarkObjects: 4.557600 ms  DeleteObjects: 0.099800 ms)

Prepare: number of updated asset objects reloaded= 0
AssetImportParameters requested are different than current active one (requested -> active):
  custom:container-demuxer-ogg: 62fdf1f143b41e24485cea50d1cbac27 -> 
  custom:video-decoder-ogg-theora: a1e56fd34408186e4bbccfd4996cb3dc -> 
  custom:framework-win-MediaFoundation: 216162199b28c13a410421893ffa2e32 -> 
  custom:scripting/monoscript/fileName/HealPickup.cs: 71876bf87905af9fc6eaaa92ce9f9cc1 -> 
  custom:CustomObjectIndexerAttribute: 9a22284fe3817be447336de3de66b15e -> 
  custom:container-demuxer-webm: 4f35f7cbe854078d1ac9338744f61a02 -> 
  custom:container-muxer-webm: aa71ff27fc2769a1b78a27578f13a17b -> 
  custom:video-decoder-webm-vp8: 9c59270c3fd7afecdb556c50c9e8de78 -> 
  custom:SearchIndexIgnoredProperties: e643bd26f0fe6173181afceb89e7c659 -> 
  custom:AudioImporter_EditorPlatform: d09bf68614088b80899f8185d706f6e7 -> 
  custom:video-encoder-webm-vp8: eb34c28f22e8b96e1ab97ce403110664 -> 
  custom:audio-decoder-ogg-vorbis: bf7c407c2cedff20999df2af8eb42d56 -> 
  custom:audio-encoder-webm-vorbis: bf7c407c2cedff20999df2af8eb42d56 -> 
  custom:scripting/precompiled-assembly-types:Assembly-CSharp: 0bba5674f77d92ad328955e8a722c46c -> a9a1178b2d54efcd4a4866cd6fa1f88e
========================================================================
Received Prepare
Caller must complete domain reload
Begin MonoManager ReloadAssembly
- Loaded All Assemblies, in  0.659 seconds
Native extension for WindowsStandalone target not found
Native extension for Android target not found
Mono: successfully reloaded assembly
- Finished resetting the current domain, in  1.808 seconds
Domain Reload Profiling: 2463ms
	BeginReloadAssembly (218ms)
		ExecutionOrderSort (0ms)
		DisableScriptedObjects (8ms)
		BackupInstance (0ms)
		ReleaseScriptingObjects (0ms)
		CreateAndSetChildDomain (39ms)
	RebuildCommonClasses (65ms)
	RebuildNativeTypeToScriptingClass (25ms)
	initialDomainReloadingComplete (45ms)
	LoadAllAssembliesAndSetupDomain (301ms)
		LoadAssemblies (414ms)
		RebuildTransferFunctionScriptingTraits (0ms)
		AnalyzeDomain (21ms)
			TypeCache.Refresh (8ms)
				TypeCache.ScanAssembly (0ms)
			ScanForSourceGeneratedMonoScriptInfo (0ms)
			ResolveRequiredComponents (10ms)
	FinalizeReload (1808ms)
		ReleaseScriptCaches (0ms)
		RebuildScriptCaches (0ms)
		SetupLoadedEditorAssemblies (985ms)
			LogAssemblyErrors (0ms)
			InitializePlatformSupportModulesInManaged (36ms)
			SetLoadedEditorAssemblies (7ms)
			RefreshPlugins (0ms)
			BeforeProcessingInitializeOnLoad (106ms)
			ProcessInitializeOnLoadAttributes (787ms)
			ProcessInitializeOnLoadMethodAttributes (36ms)
			AfterProcessingInitializeOnLoad (13ms)
			EditorAssembliesLoaded (0ms)
		ExecutionOrderSort2 (0ms)
		AwakeInstancesAfterBackupRestoration (16ms)
Refreshing native plugins compatible for Editor in 6.87 ms, found 3 plugins.
Preloading 0 native plugins for Editor in 0.00 ms.
Unloading 3454 Unused Serialized files (Serialized files now loaded: 0)
Unloading 15 unused Assets / (99.8 KB). Loaded Objects now: 4390.
Memory consumption went from 134.5 MB to 134.4 MB.
Total: 6.286700 ms (FindLiveObjects: 0.527000 ms CreateObjectMapping: 0.416600 ms MarkObjects: 5.244200 ms  DeleteObjects: 0.097500 ms)

Prepare: number of updated asset objects reloaded= 0
AssetImportParameters requested are different than current active one (requested -> active):
  custom:container-demuxer-ogg: 62fdf1f143b41e24485cea50d1cbac27 -> 
  custom:video-decoder-ogg-theora: a1e56fd34408186e4bbccfd4996cb3dc -> 
  custom:framework-win-MediaFoundation: 216162199b28c13a410421893ffa2e32 -> 
  custom:scripting/monoscript/fileName/HealPickup.cs: 71876bf87905af9fc6eaaa92ce9f9cc1 -> 
  custom:CustomObjectIndexerAttribute: 9a22284fe3817be447336de3de66b15e -> 
  custom:container-demuxer-webm: 4f35f7cbe854078d1ac9338744f61a02 -> 
  custom:container-muxer-webm: aa71ff27fc2769a1b78a27578f13a17b -> 
  custom:video-decoder-webm-vp8: 9c59270c3fd7afecdb556c50c9e8de78 -> 
  custom:SearchIndexIgnoredProperties: e643bd26f0fe6173181afceb89e7c659 -> 
  custom:AudioImporter_EditorPlatform: d09bf68614088b80899f8185d706f6e7 -> 
  custom:video-encoder-webm-vp8: eb34c28f22e8b96e1ab97ce403110664 -> 
  custom:audio-decoder-ogg-vorbis: bf7c407c2cedff20999df2af8eb42d56 -> 
  custom:audio-encoder-webm-vorbis: bf7c407c2cedff20999df2af8eb42d56 -> 
  custom:scripting/precompiled-assembly-types:Assembly-CSharp: 0bba5674f77d92ad328955e8a722c46c -> a9a1178b2d54efcd4a4866cd6fa1f88e
========================================================================
Received Prepare
Caller must complete domain reload
Begin MonoManager ReloadAssembly
- Loaded All Assemblies, in  0.608 seconds
Native extension for WindowsStandalone target not found
Native extension for Android target not found
Mono: successfully reloaded assembly
- Finished resetting the current domain, in  1.733 seconds
Domain Reload Profiling: 2338ms
	BeginReloadAssembly (213ms)
		ExecutionOrderSort (0ms)
		DisableScriptedObjects (7ms)
		BackupInstance (0ms)
		ReleaseScriptingObjects (0ms)
		CreateAndSetChildDomain (39ms)
	RebuildCommonClasses (46ms)
	RebuildNativeTypeToScriptingClass (15ms)
	initialDomainReloadingComplete (44ms)
	LoadAllAssembliesAndSetupDomain (285ms)
		LoadAssemblies (397ms)
		RebuildTransferFunctionScriptingTraits (0ms)
		AnalyzeDomain (19ms)
			TypeCache.Refresh (7ms)
				TypeCache.ScanAssembly (0ms)
			ScanForSourceGeneratedMonoScriptInfo (0ms)
			ResolveRequiredComponents (10ms)
	FinalizeReload (1733ms)
		ReleaseScriptCaches (0ms)
		RebuildScriptCaches (0ms)
		SetupLoadedEditorAssemblies (970ms)
			LogAssemblyErrors (0ms)
			InitializePlatformSupportModulesInManaged (39ms)
			SetLoadedEditorAssemblies (8ms)
			RefreshPlugins (0ms)
			BeforeProcessingInitializeOnLoad (101ms)
			ProcessInitializeOnLoadAttributes (776ms)
			ProcessInitializeOnLoadMethodAttributes (31ms)
			AfterProcessingInitializeOnLoad (14ms)
			EditorAssembliesLoaded (0ms)
		ExecutionOrderSort2 (0ms)
		AwakeInstancesAfterBackupRestoration (17ms)
Refreshing native plugins compatible for Editor in 7.37 ms, found 3 plugins.
Preloading 0 native plugins for Editor in 0.00 ms.
Unloading 3454 Unused Serialized files (Serialized files now loaded: 0)
Unloading 15 unused Assets / (99.8 KB). Loaded Objects now: 4406.
Memory consumption went from 134.5 MB to 134.4 MB.
Total: 5.767300 ms (FindLiveObjects: 0.548800 ms CreateObjectMapping: 0.361400 ms MarkObjects: 4.765100 ms  DeleteObjects: 0.090700 ms)

Prepare: number of updated asset objects reloaded= 0
AssetImportParameters requested are different than current active one (requested -> active):
  custom:container-demuxer-ogg: 62fdf1f143b41e24485cea50d1cbac27 -> 
  custom:video-decoder-ogg-theora: a1e56fd34408186e4bbccfd4996cb3dc -> 
  custom:framework-win-MediaFoundation: 216162199b28c13a410421893ffa2e32 -> 
  custom:scripting/monoscript/fileName/HealPickup.cs: 71876bf87905af9fc6eaaa92ce9f9cc1 -> 
  custom:CustomObjectIndexerAttribute: 9a22284fe3817be447336de3de66b15e -> 
  custom:container-demuxer-webm: 4f35f7cbe854078d1ac9338744f61a02 -> 
  custom:container-muxer-webm: aa71ff27fc2769a1b78a27578f13a17b -> 
  custom:video-decoder-webm-vp8: 9c59270c3fd7afecdb556c50c9e8de78 -> 
  custom:SearchIndexIgnoredProperties: e643bd26f0fe6173181afceb89e7c659 -> 
  custom:AudioImporter_EditorPlatform: d09bf68614088b80899f8185d706f6e7 -> 
  custom:video-encoder-webm-vp8: eb34c28f22e8b96e1ab97ce403110664 -> 
  custom:audio-decoder-ogg-vorbis: bf7c407c2cedff20999df2af8eb42d56 -> 
  custom:audio-encoder-webm-vorbis: bf7c407c2cedff20999df2af8eb42d56 -> 
  custom:scripting/precompiled-assembly-types:Assembly-CSharp: 0bba5674f77d92ad328955e8a722c46c -> a9a1178b2d54efcd4a4866cd6fa1f88e
========================================================================
Received Prepare
Caller must complete domain reload
Begin MonoManager ReloadAssembly
- Loaded All Assemblies, in  0.610 seconds
Native extension for WindowsStandalone target not found
Native extension for Android target not found
Mono: successfully reloaded assembly
- Finished resetting the current domain, in  1.866 seconds
Domain Reload Profiling: 2471ms
	BeginReloadAssembly (202ms)
		ExecutionOrderSort (0ms)
		DisableScriptedObjects (8ms)
		BackupInstance (0ms)
		ReleaseScriptingObjects (0ms)
		CreateAndSetChildDomain (43ms)
	RebuildCommonClasses (56ms)
	RebuildNativeTypeToScriptingClass (22ms)
	initialDomainReloadingComplete (51ms)
	LoadAllAssembliesAndSetupDomain (274ms)
		LoadAssemblies (369ms)
		RebuildTransferFunctionScriptingTraits (0ms)
		AnalyzeDomain (19ms)
			TypeCache.Refresh (7ms)
				TypeCache.ScanAssembly (0ms)
			ScanForSourceGeneratedMonoScriptInfo (0ms)
			ResolveRequiredComponents (10ms)
	FinalizeReload (1867ms)
		ReleaseScriptCaches (0ms)
		RebuildScriptCaches (0ms)
		SetupLoadedEditorAssemblies (1046ms)
			LogAssemblyErrors (0ms)
			InitializePlatformSupportModulesInManaged (40ms)
			SetLoadedEditorAssemblies (9ms)
			RefreshPlugins (0ms)
			BeforeProcessingInitializeOnLoad (111ms)
			ProcessInitializeOnLoadAttributes (842ms)
			ProcessInitializeOnLoadMethodAttributes (30ms)
			AfterProcessingInitializeOnLoad (14ms)
			EditorAssembliesLoaded (0ms)
		ExecutionOrderSort2 (0ms)
		AwakeInstancesAfterBackupRestoration (18ms)
Refreshing native plugins compatible for Editor in 6.48 ms, found 3 plugins.
Preloading 0 native plugins for Editor in 0.00 ms.
Unloading 3454 Unused Serialized files (Serialized files now loaded: 0)
Unloading 15 unused Assets / (99.8 KB). Loaded Objects now: 4422.
Memory consumption went from 134.5 MB to 134.4 MB.
Total: 6.453700 ms (FindLiveObjects: 0.534600 ms CreateObjectMapping: 0.384200 ms MarkObjects: 5.445500 ms  DeleteObjects: 0.087800 ms)

Prepare: number of updated asset objects reloaded= 0
AssetImportParameters requested are different than current active one (requested -> active):
  custom:container-demuxer-ogg: 62fdf1f143b41e24485cea50d1cbac27 -> 
  custom:video-decoder-ogg-theora: a1e56fd34408186e4bbccfd4996cb3dc -> 
  custom:framework-win-MediaFoundation: 216162199b28c13a410421893ffa2e32 -> 
  custom:scripting/monoscript/fileName/HealPickup.cs: 71876bf87905af9fc6eaaa92ce9f9cc1 -> 
  custom:CustomObjectIndexerAttribute: 9a22284fe3817be447336de3de66b15e -> 
  custom:container-demuxer-webm: 4f35f7cbe854078d1ac9338744f61a02 -> 
  custom:container-muxer-webm: aa71ff27fc2769a1b78a27578f13a17b -> 
  custom:video-decoder-webm-vp8: 9c59270c3fd7afecdb556c50c9e8de78 -> 
  custom:SearchIndexIgnoredProperties: e643bd26f0fe6173181afceb89e7c659 -> 
  custom:AudioImporter_EditorPlatform: d09bf68614088b80899f8185d706f6e7 -> 
  custom:video-encoder-webm-vp8: eb34c28f22e8b96e1ab97ce403110664 -> 
  custom:audio-decoder-ogg-vorbis: bf7c407c2cedff20999df2af8eb42d56 -> 
  custom:audio-encoder-webm-vorbis: bf7c407c2cedff20999df2af8eb42d56 -> 
  custom:scripting/precompiled-assembly-types:Assembly-CSharp: 0bba5674f77d92ad328955e8a722c46c -> a9a1178b2d54efcd4a4866cd6fa1f88e
========================================================================
Received Prepare
Caller must complete domain reload
Begin MonoManager ReloadAssembly
- Loaded All Assemblies, in  0.643 seconds
Native extension for WindowsStandalone target not found
Native extension for Android target not found
Mono: successfully reloaded assembly
- Finished resetting the current domain, in  2.109 seconds
Domain Reload Profiling: 2748ms
	BeginReloadAssembly (222ms)
		ExecutionOrderSort (0ms)
		DisableScriptedObjects (9ms)
		BackupInstance (0ms)
		ReleaseScriptingObjects (0ms)
		CreateAndSetChildDomain (42ms)
	RebuildCommonClasses (53ms)
	RebuildNativeTypeToScriptingClass (17ms)
	initialDomainReloadingComplete (46ms)
	LoadAllAssembliesAndSetupDomain (300ms)
		LoadAssemblies (413ms)
		RebuildTransferFunctionScriptingTraits (0ms)
		AnalyzeDomain (19ms)
			TypeCache.Refresh (7ms)
				TypeCache.ScanAssembly (0ms)
			ScanForSourceGeneratedMonoScriptInfo (0ms)
			ResolveRequiredComponents (10ms)
	FinalizeReload (2110ms)
		ReleaseScriptCaches (0ms)
		RebuildScriptCaches (0ms)
		SetupLoadedEditorAssemblies (1232ms)
			LogAssemblyErrors (0ms)
			InitializePlatformSupportModulesInManaged (42ms)
			SetLoadedEditorAssemblies (10ms)
			RefreshPlugins (0ms)
			BeforeProcessingInitializeOnLoad (142ms)
			ProcessInitializeOnLoadAttributes (988ms)
			ProcessInitializeOnLoadMethodAttributes (37ms)
			AfterProcessingInitializeOnLoad (13ms)
			EditorAssembliesLoaded (0ms)
		ExecutionOrderSort2 (0ms)
		AwakeInstancesAfterBackupRestoration (21ms)
Refreshing native plugins compatible for Editor in 6.56 ms, found 3 plugins.
Preloading 0 native plugins for Editor in 0.00 ms.
Unloading 3454 Unused Serialized files (Serialized files now loaded: 0)
Unloading 15 unused Assets / (99.8 KB). Loaded Objects now: 4438.
Memory consumption went from 134.5 MB to 134.4 MB.
Total: 6.675300 ms (FindLiveObjects: 0.477000 ms CreateObjectMapping: 0.499100 ms MarkObjects: 5.603400 ms  DeleteObjects: 0.094200 ms)

Prepare: number of updated asset objects reloaded= 0
AssetImportParameters requested are different than current active one (requested -> active):
  custom:container-demuxer-ogg: 62fdf1f143b41e24485cea50d1cbac27 -> 
  custom:video-decoder-ogg-theora: a1e56fd34408186e4bbccfd4996cb3dc -> 
  custom:framework-win-MediaFoundation: 216162199b28c13a410421893ffa2e32 -> 
  custom:scripting/monoscript/fileName/HealPickup.cs: 71876bf87905af9fc6eaaa92ce9f9cc1 -> 
  custom:CustomObjectIndexerAttribute: 9a22284fe3817be447336de3de66b15e -> 
  custom:container-demuxer-webm: 4f35f7cbe854078d1ac9338744f61a02 -> 
  custom:container-muxer-webm: aa71ff27fc2769a1b78a27578f13a17b -> 
  custom:video-decoder-webm-vp8: 9c59270c3fd7afecdb556c50c9e8de78 -> 
  custom:SearchIndexIgnoredProperties: e643bd26f0fe6173181afceb89e7c659 -> 
  custom:AudioImporter_EditorPlatform: d09bf68614088b80899f8185d706f6e7 -> 
  custom:video-encoder-webm-vp8: eb34c28f22e8b96e1ab97ce403110664 -> 
  custom:audio-decoder-ogg-vorbis: bf7c407c2cedff20999df2af8eb42d56 -> 
  custom:audio-encoder-webm-vorbis: bf7c407c2cedff20999df2af8eb42d56 -> 
  custom:scripting/precompiled-assembly-types:Assembly-CSharp: 0bba5674f77d92ad328955e8a722c46c -> a9a1178b2d54efcd4a4866cd6fa1f88e
========================================================================
Received Prepare
Caller must complete domain reload
Begin MonoManager ReloadAssembly
- Loaded All Assemblies, in  0.672 seconds
Native extension for WindowsStandalone target not found
Native extension for Android target not found
Mono: successfully reloaded assembly
- Finished resetting the current domain, in  1.734 seconds
Domain Reload Profiling: 2401ms
	BeginReloadAssembly (224ms)
		ExecutionOrderSort (0ms)
		DisableScriptedObjects (7ms)
		BackupInstance (0ms)
		ReleaseScriptingObjects (0ms)
		CreateAndSetChildDomain (48ms)
	RebuildCommonClasses (44ms)
	RebuildNativeTypeToScriptingClass (15ms)
	initialDomainReloadingComplete (45ms)
	LoadAllAssembliesAndSetupDomain (337ms)
		LoadAssemblies (451ms)
		RebuildTransferFunctionScriptingTraits (0ms)
		AnalyzeDomain (18ms)
			TypeCache.Refresh (7ms)
				TypeCache.ScanAssembly (0ms)
			ScanForSourceGeneratedMonoScriptInfo (0ms)
			ResolveRequiredComponents (10ms)
	FinalizeReload (1735ms)
		ReleaseScriptCaches (0ms)
		RebuildScriptCaches (0ms)
		SetupLoadedEditorAssemblies (952ms)
			LogAssemblyErrors (0ms)
			InitializePlatformSupportModulesInManaged (33ms)
			SetLoadedEditorAssemblies (7ms)
			RefreshPlugins (0ms)
			BeforeProcessingInitializeOnLoad (109ms)
			ProcessInitializeOnLoadAttributes (761ms)
			ProcessInitializeOnLoadMethodAttributes (30ms)
			AfterProcessingInitializeOnLoad (13ms)
			EditorAssembliesLoaded (0ms)
		ExecutionOrderSort2 (0ms)
		AwakeInstancesAfterBackupRestoration (13ms)
Refreshing native plugins compatible for Editor in 6.42 ms, found 3 plugins.
Preloading 0 native plugins for Editor in 0.00 ms.
Unloading 3454 Unused Serialized files (Serialized files now loaded: 0)
Unloading 15 unused Assets / (99.8 KB). Loaded Objects now: 4454.
Memory consumption went from 134.5 MB to 134.4 MB.
Total: 5.024900 ms (FindLiveObjects: 0.379100 ms CreateObjectMapping: 0.282700 ms MarkObjects: 4.295000 ms  DeleteObjects: 0.066800 ms)

Prepare: number of updated asset objects reloaded= 0
AssetImportParameters requested are different than current active one (requested -> active):
  custom:container-demuxer-ogg: 62fdf1f143b41e24485cea50d1cbac27 -> 
  custom:video-decoder-ogg-theora: a1e56fd34408186e4bbccfd4996cb3dc -> 
  custom:framework-win-MediaFoundation: 216162199b28c13a410421893ffa2e32 -> 
  custom:scripting/monoscript/fileName/HealPickup.cs: 71876bf87905af9fc6eaaa92ce9f9cc1 -> 
  custom:CustomObjectIndexerAttribute: 9a22284fe3817be447336de3de66b15e -> 
  custom:container-demuxer-webm: 4f35f7cbe854078d1ac9338744f61a02 -> 
  custom:container-muxer-webm: aa71ff27fc2769a1b78a27578f13a17b -> 
  custom:video-decoder-webm-vp8: 9c59270c3fd7afecdb556c50c9e8de78 -> 
  custom:SearchIndexIgnoredProperties: e643bd26f0fe6173181afceb89e7c659 -> 
  custom:AudioImporter_EditorPlatform: d09bf68614088b80899f8185d706f6e7 -> 
  custom:video-encoder-webm-vp8: eb34c28f22e8b96e1ab97ce403110664 -> 
  custom:audio-decoder-ogg-vorbis: bf7c407c2cedff20999df2af8eb42d56 -> 
  custom:audio-encoder-webm-vorbis: bf7c407c2cedff20999df2af8eb42d56 -> 
  custom:scripting/precompiled-assembly-types:Assembly-CSharp: 0bba5674f77d92ad328955e8a722c46c -> a9a1178b2d54efcd4a4866cd6fa1f88e
========================================================================
Received Prepare
Caller must complete domain reload
Begin MonoManager ReloadAssembly
- Loaded All Assemblies, in  0.640 seconds
Native extension for WindowsStandalone target not found
Native extension for Android target not found
Mono: successfully reloaded assembly
- Finished resetting the current domain, in  2.231 seconds
Domain Reload Profiling: 2866ms
	BeginReloadAssembly (215ms)
		ExecutionOrderSort (0ms)
		DisableScriptedObjects (10ms)
		BackupInstance (0ms)
		ReleaseScriptingObjects (0ms)
		CreateAndSetChildDomain (40ms)
	RebuildCommonClasses (59ms)
	RebuildNativeTypeToScriptingClass (18ms)
	initialDomainReloadingComplete (46ms)
	LoadAllAssembliesAndSetupDomain (296ms)
		LoadAssemblies (402ms)
		RebuildTransferFunctionScriptingTraits (0ms)
		AnalyzeDomain (20ms)
			TypeCache.Refresh (7ms)
				TypeCache.ScanAssembly (0ms)
			ScanForSourceGeneratedMonoScriptInfo (0ms)
			ResolveRequiredComponents (11ms)
	FinalizeReload (2232ms)
		ReleaseScriptCaches (0ms)
		RebuildScriptCaches (0ms)
		SetupLoadedEditorAssemblies (1209ms)
			LogAssemblyErrors (0ms)
			InitializePlatformSupportModulesInManaged (36ms)
			SetLoadedEditorAssemblies (8ms)
			RefreshPlugins (0ms)
			BeforeProcessingInitializeOnLoad (114ms)
			ProcessInitializeOnLoadAttributes (1000ms)
			ProcessInitializeOnLoadMethodAttributes (36ms)
			AfterProcessingInitializeOnLoad (15ms)
			EditorAssembliesLoaded (0ms)
		ExecutionOrderSort2 (0ms)
		AwakeInstancesAfterBackupRestoration (16ms)
Refreshing native plugins compatible for Editor in 5.79 ms, found 3 plugins.
Preloading 0 native plugins for Editor in 0.00 ms.
Unloading 3454 Unused Serialized files (Serialized files now loaded: 0)
Unloading 15 unused Assets / (99.8 KB). Loaded Objects now: 4470.
Memory consumption went from 134.5 MB to 134.4 MB.
Total: 6.448400 ms (FindLiveObjects: 0.482100 ms CreateObjectMapping: 0.404900 ms MarkObjects: 5.469700 ms  DeleteObjects: 0.090300 ms)

Prepare: number of updated asset objects reloaded= 0
AssetImportParameters requested are different than current active one (requested -> active):
  custom:container-demuxer-ogg: 62fdf1f143b41e24485cea50d1cbac27 -> 
  custom:video-decoder-ogg-theora: a1e56fd34408186e4bbccfd4996cb3dc -> 
  custom:framework-win-MediaFoundation: 216162199b28c13a410421893ffa2e32 -> 
  custom:scripting/monoscript/fileName/HealPickup.cs: 71876bf87905af9fc6eaaa92ce9f9cc1 -> 
  custom:CustomObjectIndexerAttribute: 9a22284fe3817be447336de3de66b15e -> 
  custom:container-demuxer-webm: 4f35f7cbe854078d1ac9338744f61a02 -> 
  custom:container-muxer-webm: aa71ff27fc2769a1b78a27578f13a17b -> 
  custom:video-decoder-webm-vp8: 9c59270c3fd7afecdb556c50c9e8de78 -> 
  custom:SearchIndexIgnoredProperties: e643bd26f0fe6173181afceb89e7c659 -> 
  custom:AudioImporter_EditorPlatform: d09bf68614088b80899f8185d706f6e7 -> 
  custom:video-encoder-webm-vp8: eb34c28f22e8b96e1ab97ce403110664 -> 
  custom:audio-decoder-ogg-vorbis: bf7c407c2cedff20999df2af8eb42d56 -> 
  custom:audio-encoder-webm-vorbis: bf7c407c2cedff20999df2af8eb42d56 -> 
  custom:scripting/precompiled-assembly-types:Assembly-CSharp: 0bba5674f77d92ad328955e8a722c46c -> a9a1178b2d54efcd4a4866cd6fa1f88e
========================================================================
Received Prepare
Caller must complete domain reload
Begin MonoManager ReloadAssembly
- Loaded All Assemblies, in  0.648 seconds
Native extension for WindowsStandalone target not found
Native extension for Android target not found
Mono: successfully reloaded assembly
- Finished resetting the current domain, in  1.844 seconds
Domain Reload Profiling: 2489ms
	BeginReloadAssembly (221ms)
		ExecutionOrderSort (0ms)
		DisableScriptedObjects (9ms)
		BackupInstance (0ms)
		ReleaseScriptingObjects (0ms)
		CreateAndSetChildDomain (36ms)
	RebuildCommonClasses (60ms)
	RebuildNativeTypeToScriptingClass (21ms)
	initialDomainReloadingComplete (51ms)
	LoadAllAssembliesAndSetupDomain (291ms)
		LoadAssemblies (408ms)
		RebuildTransferFunctionScriptingTraits (0ms)
		AnalyzeDomain (23ms)
			TypeCache.Refresh (7ms)
				TypeCache.ScanAssembly (0ms)
			ScanForSourceGeneratedMonoScriptInfo (0ms)
			ResolveRequiredComponents (14ms)
	FinalizeReload (1845ms)
		ReleaseScriptCaches (0ms)
		RebuildScriptCaches (0ms)
		SetupLoadedEditorAssemblies (1009ms)
			LogAssemblyErrors (0ms)
			InitializePlatformSupportModulesInManaged (36ms)
			SetLoadedEditorAssemblies (8ms)
			RefreshPlugins (0ms)
			BeforeProcessingInitializeOnLoad (101ms)
			ProcessInitializeOnLoadAttributes (815ms)
			ProcessInitializeOnLoadMethodAttributes (33ms)
			AfterProcessingInitializeOnLoad (15ms)
			EditorAssembliesLoaded (0ms)
		ExecutionOrderSort2 (0ms)
		AwakeInstancesAfterBackupRestoration (18ms)
Refreshing native plugins compatible for Editor in 7.49 ms, found 3 plugins.
Preloading 0 native plugins for Editor in 0.00 ms.
Unloading 3454 Unused Serialized files (Serialized files now loaded: 0)
Unloading 15 unused Assets / (99.8 KB). Loaded Objects now: 4486.
Memory consumption went from 134.5 MB to 134.4 MB.
Total: 6.038500 ms (FindLiveObjects: 0.428500 ms CreateObjectMapping: 0.317000 ms MarkObjects: 5.190500 ms  DeleteObjects: 0.101000 ms)

Prepare: number of updated asset objects reloaded= 0
AssetImportParameters requested are different than current active one (requested -> active):
  custom:container-demuxer-ogg: 62fdf1f143b41e24485cea50d1cbac27 -> 
  custom:video-decoder-ogg-theora: a1e56fd34408186e4bbccfd4996cb3dc -> 
  custom:framework-win-MediaFoundation: 216162199b28c13a410421893ffa2e32 -> 
  custom:scripting/monoscript/fileName/HealPickup.cs: 71876bf87905af9fc6eaaa92ce9f9cc1 -> 
  custom:CustomObjectIndexerAttribute: 9a22284fe3817be447336de3de66b15e -> 
  custom:container-demuxer-webm: 4f35f7cbe854078d1ac9338744f61a02 -> 
  custom:container-muxer-webm: aa71ff27fc2769a1b78a27578f13a17b -> 
  custom:video-decoder-webm-vp8: 9c59270c3fd7afecdb556c50c9e8de78 -> 
  custom:SearchIndexIgnoredProperties: e643bd26f0fe6173181afceb89e7c659 -> 
  custom:AudioImporter_EditorPlatform: d09bf68614088b80899f8185d706f6e7 -> 
  custom:video-encoder-webm-vp8: eb34c28f22e8b96e1ab97ce403110664 -> 
  custom:audio-decoder-ogg-vorbis: bf7c407c2cedff20999df2af8eb42d56 -> 
  custom:audio-encoder-webm-vorbis: bf7c407c2cedff20999df2af8eb42d56 -> 
  custom:scripting/precompiled-assembly-types:Assembly-CSharp: 0bba5674f77d92ad328955e8a722c46c -> a9a1178b2d54efcd4a4866cd6fa1f88e
========================================================================
Received Prepare
Caller must complete domain reload
Begin MonoManager ReloadAssembly
- Loaded All Assemblies, in  0.638 seconds
Native extension for WindowsStandalone target not found
Native extension for Android target not found
Mono: successfully reloaded assembly
- Finished resetting the current domain, in  1.784 seconds
Domain Reload Profiling: 2419ms
	BeginReloadAssembly (215ms)
		ExecutionOrderSort (0ms)
		DisableScriptedObjects (8ms)
		BackupInstance (0ms)
		ReleaseScriptingObjects (0ms)
		CreateAndSetChildDomain (47ms)
	RebuildCommonClasses (63ms)
	RebuildNativeTypeToScriptingClass (19ms)
	initialDomainReloadingComplete (45ms)
	LoadAllAssembliesAndSetupDomain (292ms)
		LoadAssemblies (391ms)
		RebuildTransferFunctionScriptingTraits (0ms)
		AnalyzeDomain (22ms)
			TypeCache.Refresh (7ms)
				TypeCache.ScanAssembly (0ms)
			ScanForSourceGeneratedMonoScriptInfo (0ms)
			ResolveRequiredComponents (13ms)
	FinalizeReload (1785ms)
		ReleaseScriptCaches (0ms)
		RebuildScriptCaches (0ms)
		SetupLoadedEditorAssemblies (986ms)
			LogAssemblyErrors (0ms)
			InitializePlatformSupportModulesInManaged (35ms)
			SetLoadedEditorAssemblies (8ms)
			RefreshPlugins (0ms)
			BeforeProcessingInitializeOnLoad (99ms)
			ProcessInitializeOnLoadAttributes (795ms)
			ProcessInitializeOnLoadMethodAttributes (34ms)
			AfterProcessingInitializeOnLoad (16ms)
			EditorAssembliesLoaded (0ms)
		ExecutionOrderSort2 (0ms)
		AwakeInstancesAfterBackupRestoration (18ms)
Refreshing native plugins compatible for Editor in 6.09 ms, found 3 plugins.
Preloading 0 native plugins for Editor in 0.00 ms.
Unloading 3454 Unused Serialized files (Serialized files now loaded: 0)
Unloading 15 unused Assets / (99.8 KB). Loaded Objects now: 4502.
Memory consumption went from 134.6 MB to 134.5 MB.
Total: 5.269200 ms (FindLiveObjects: 0.447400 ms CreateObjectMapping: 0.345000 ms MarkObjects: 4.401800 ms  DeleteObjects: 0.073600 ms)

Prepare: number of updated asset objects reloaded= 0
AssetImportParameters requested are different than current active one (requested -> active):
  custom:container-demuxer-ogg: 62fdf1f143b41e24485cea50d1cbac27 -> 
  custom:video-decoder-ogg-theora: a1e56fd34408186e4bbccfd4996cb3dc -> 
  custom:framework-win-MediaFoundation: 216162199b28c13a410421893ffa2e32 -> 
  custom:scripting/monoscript/fileName/HealPickup.cs: 71876bf87905af9fc6eaaa92ce9f9cc1 -> 
  custom:CustomObjectIndexerAttribute: 9a22284fe3817be447336de3de66b15e -> 
  custom:container-demuxer-webm: 4f35f7cbe854078d1ac9338744f61a02 -> 
  custom:container-muxer-webm: aa71ff27fc2769a1b78a27578f13a17b -> 
  custom:video-decoder-webm-vp8: 9c59270c3fd7afecdb556c50c9e8de78 -> 
  custom:SearchIndexIgnoredProperties: e643bd26f0fe6173181afceb89e7c659 -> 
  custom:AudioImporter_EditorPlatform: d09bf68614088b80899f8185d706f6e7 -> 
  custom:video-encoder-webm-vp8: eb34c28f22e8b96e1ab97ce403110664 -> 
  custom:audio-decoder-ogg-vorbis: bf7c407c2cedff20999df2af8eb42d56 -> 
  custom:audio-encoder-webm-vorbis: bf7c407c2cedff20999df2af8eb42d56 -> 
  custom:scripting/precompiled-assembly-types:Assembly-CSharp: 0bba5674f77d92ad328955e8a722c46c -> a9a1178b2d54efcd4a4866cd6fa1f88e
========================================================================
Received Prepare
Refreshing native plugins compatible for Editor in 5.50 ms, found 3 plugins.
Preloading 0 native plugins for Editor in 0.00 ms.
Unloading 2 Unused Serialized files (Serialized files now loaded: 0)
Unloading 2 unused Assets / (76.5 KB). Loaded Objects now: 4502.
Memory consumption went from 81.0 MB to 80.9 MB.
Total: 5.585900 ms (FindLiveObjects: 0.473200 ms CreateObjectMapping: 0.312900 ms MarkObjects: 4.752200 ms  DeleteObjects: 0.046000 ms)

Prepare: number of updated asset objects reloaded= 0
AssetImportParameters requested are different than current active one (requested -> active):
  custom:container-demuxer-ogg: 62fdf1f143b41e24485cea50d1cbac27 -> 
  custom:video-decoder-ogg-theora: a1e56fd34408186e4bbccfd4996cb3dc -> 
  custom:framework-win-MediaFoundation: 216162199b28c13a410421893ffa2e32 -> 
  custom:scripting/monoscript/fileName/HealPickup.cs: 71876bf87905af9fc6eaaa92ce9f9cc1 -> 
  custom:CustomObjectIndexerAttribute: 9a22284fe3817be447336de3de66b15e -> 
  custom:container-demuxer-webm: 4f35f7cbe854078d1ac9338744f61a02 -> 
  custom:container-muxer-webm: aa71ff27fc2769a1b78a27578f13a17b -> 
  custom:video-decoder-webm-vp8: 9c59270c3fd7afecdb556c50c9e8de78 -> 
  custom:SearchIndexIgnoredProperties: e643bd26f0fe6173181afceb89e7c659 -> 
  custom:AudioImporter_EditorPlatform: d09bf68614088b80899f8185d706f6e7 -> 
  custom:video-encoder-webm-vp8: eb34c28f22e8b96e1ab97ce403110664 -> 
  custom:audio-decoder-ogg-vorbis: bf7c407c2cedff20999df2af8eb42d56 -> 
  custom:audio-encoder-webm-vorbis: bf7c407c2cedff20999df2af8eb42d56 -> 
  custom:scripting/precompiled-assembly-types:Assembly-CSharp: 0bba5674f77d92ad328955e8a722c46c -> a9a1178b2d54efcd4a4866cd6fa1f88e
