Using pre-set license
Built from '2022.3/respin/2022.3.62f2-4af31df585-v2' branch; Version is '2022.3.62f3 (96770f904ca7) revision 9860879'; Using compiler version '192829333'; Build Type 'Release'
OS: 'Windows 10  (10.0.19044) 64bit Professional' Language: 'ro' Physical Memory: 16233 MB
BatchMode: 1, IsHumanControllingUs: 0, StartBugReporterOnCrash: 0, Is64bit: 1, IsPro: 1

COMMAND LINE ARGUMENTS:
C:\Program Files\Unity\Hub\Editor\2022.3.62f3\Editor\Unity.exe
-adb2
-batchMode
-noUpm
-name
AssetImportWorker0
-projectPath
C:/Users/User/Antivirus killer
-logFile
Logs/AssetImportWorker0.log
-srvPort
64222
Successfully changed project path to: C:/Users/User/Antivirus killer
C:/Users/User/Antivirus killer
[UnityMemory] Configuration Parameters - Can be set up in boot.config
    "memorysetup-bucket-allocator-granularity=16"
    "memorysetup-bucket-allocator-bucket-count=8"
    "memorysetup-bucket-allocator-block-size=33554432"
    "memorysetup-bucket-allocator-block-count=8"
    "memorysetup-main-allocator-block-size=16777216"
    "memorysetup-thread-allocator-block-size=16777216"
    "memorysetup-gfx-main-allocator-block-size=16777216"
    "memorysetup-gfx-thread-allocator-block-size=16777216"
    "memorysetup-cache-allocator-block-size=4194304"
    "memorysetup-typetree-allocator-block-size=2097152"
    "memorysetup-profiler-bucket-allocator-granularity=16"
    "memorysetup-profiler-bucket-allocator-bucket-count=8"
    "memorysetup-profiler-bucket-allocator-block-size=33554432"
    "memorysetup-profiler-bucket-allocator-block-count=8"
    "memorysetup-profiler-allocator-block-size=16777216"
    "memorysetup-profiler-editor-allocator-block-size=1048576"
    "memorysetup-temp-allocator-size-main=16777216"
    "memorysetup-job-temp-allocator-block-size=2097152"
    "memorysetup-job-temp-allocator-block-size-background=1048576"
    "memorysetup-job-temp-allocator-reduction-small-platforms=262144"
    "memorysetup-allocator-temp-initial-block-size-main=262144"
    "memorysetup-allocator-temp-initial-block-size-worker=262144"
    "memorysetup-temp-allocator-size-background-worker=32768"
    "memorysetup-temp-allocator-size-job-worker=262144"
    "memorysetup-temp-allocator-size-preload-manager=33554432"
    "memorysetup-temp-allocator-size-nav-mesh-worker=65536"
    "memorysetup-temp-allocator-size-audio-worker=65536"
    "memorysetup-temp-allocator-size-cloud-worker=32768"
    "memorysetup-temp-allocator-size-gi-baking-worker=262144"
    "memorysetup-temp-allocator-size-gfx=262144"
Player connection [7428]  Target information:

Player connection [7428]  * "[IP] 192.168.100.30 [Port] 0 [Flags] 2 [Guid] 1449567623 [EditorId] 1449567623 [Version] 1048832 [Id] WindowsEditor(7,DESKTOP-NM95901) [Debug] 1 [PackageName] WindowsEditor [ProjectName] Editor" 

Player connection [7428] Host joined multi-casting on [225.0.0.222:54997]...
Player connection [7428] Host joined alternative multi-casting on [225.0.0.222:34997]...
Input System module state changed to: Initialized.
[PhysX] Initialized MultithreadedTaskDispatcher with 12 workers.
Refreshing native plugins compatible for Editor in 14.12 ms, found 3 plugins.
Preloading 0 native plugins for Editor in 0.00 ms.
Initialize engine version: 2022.3.62f3 (96770f904ca7)
[Subsystems] Discovering subsystems at path C:/Program Files/Unity/Hub/Editor/2022.3.62f3/Editor/Data/Resources/UnitySubsystems
[Subsystems] Discovering subsystems at path C:/Users/User/Antivirus killer/Assets
GfxDevice: creating device client; threaded=0; jobified=0
Direct3D:
    Version:  Direct3D 11.0 [level 11.1]
    Renderer: NVIDIA GeForce GTX 1660 Ti (ID=0x2191)
    Vendor:   NVIDIA
    VRAM:     5991 MB
    Driver:   30.0.15.1278
Initialize mono
Mono path[0] = 'C:/Program Files/Unity/Hub/Editor/2022.3.62f3/Editor/Data/Managed'
Mono path[1] = 'C:/Program Files/Unity/Hub/Editor/2022.3.62f3/Editor/Data/MonoBleedingEdge/lib/mono/unityjit-win32'
Mono config path = 'C:/Program Files/Unity/Hub/Editor/2022.3.62f3/Editor/Data/MonoBleedingEdge/etc'
Using monoOptions --debugger-agent=transport=dt_socket,embedding=1,server=y,suspend=n,address=127.0.0.1:56896
Begin MonoManager ReloadAssembly
Registering precompiled unity dll's ...
Register platform support module: C:/Program Files/Unity/Hub/Editor/2022.3.62f3/Editor/Data/PlaybackEngines/AndroidPlayer/UnityEditor.Android.Extensions.dll
Register platform support module: C:/Program Files/Unity/Hub/Editor/2022.3.62f3/Editor/Data/PlaybackEngines/WindowsStandaloneSupport/UnityEditor.WindowsStandalone.Extensions.dll
Registered in 0.021406 seconds.
- Loaded All Assemblies, in  0.557 seconds
Native extension for WindowsStandalone target not found
Native extension for Android target not found
Android Extension - Scanning For ADB Devices 378 ms
Mono: successfully reloaded assembly
- Finished resetting the current domain, in  0.842 seconds
Domain Reload Profiling: 1395ms
	BeginReloadAssembly (160ms)
		ExecutionOrderSort (0ms)
		DisableScriptedObjects (0ms)
		BackupInstance (0ms)
		ReleaseScriptingObjects (0ms)
		CreateAndSetChildDomain (1ms)
	RebuildCommonClasses (47ms)
	RebuildNativeTypeToScriptingClass (15ms)
	initialDomainReloadingComplete (100ms)
	LoadAllAssembliesAndSetupDomain (230ms)
		LoadAssemblies (158ms)
		RebuildTransferFunctionScriptingTraits (0ms)
		AnalyzeDomain (227ms)
			TypeCache.Refresh (224ms)
				TypeCache.ScanAssembly (201ms)
			ScanForSourceGeneratedMonoScriptInfo (1ms)
			ResolveRequiredComponents (1ms)
	FinalizeReload (842ms)
		ReleaseScriptCaches (0ms)
		RebuildScriptCaches (0ms)
		SetupLoadedEditorAssemblies (775ms)
			LogAssemblyErrors (0ms)
			InitializePlatformSupportModulesInManaged (520ms)
			SetLoadedEditorAssemblies (7ms)
			RefreshPlugins (0ms)
			BeforeProcessingInitializeOnLoad (3ms)
			ProcessInitializeOnLoadAttributes (176ms)
			ProcessInitializeOnLoadMethodAttributes (69ms)
			AfterProcessingInitializeOnLoad (0ms)
			EditorAssembliesLoaded (0ms)
		ExecutionOrderSort2 (0ms)
		AwakeInstancesAfterBackupRestoration (0ms)
========================================================================
Worker process is ready to serve import requests
Caller must complete domain reload
Begin MonoManager ReloadAssembly
- Loaded All Assemblies, in  0.923 seconds
Native extension for WindowsStandalone target not found
Native extension for Android target not found
Mono: successfully reloaded assembly
- Finished resetting the current domain, in  1.147 seconds
Domain Reload Profiling: 2066ms
	BeginReloadAssembly (218ms)
		ExecutionOrderSort (0ms)
		DisableScriptedObjects (7ms)
		BackupInstance (0ms)
		ReleaseScriptingObjects (0ms)
		CreateAndSetChildDomain (35ms)
	RebuildCommonClasses (46ms)
	RebuildNativeTypeToScriptingClass (15ms)
	initialDomainReloadingComplete (58ms)
	LoadAllAssembliesAndSetupDomain (582ms)
		LoadAssemblies (427ms)
		RebuildTransferFunctionScriptingTraits (0ms)
		AnalyzeDomain (282ms)
			TypeCache.Refresh (249ms)
				TypeCache.ScanAssembly (227ms)
			ScanForSourceGeneratedMonoScriptInfo (23ms)
			ResolveRequiredComponents (9ms)
	FinalizeReload (1148ms)
		ReleaseScriptCaches (0ms)
		RebuildScriptCaches (0ms)
		SetupLoadedEditorAssemblies (913ms)
			LogAssemblyErrors (0ms)
			InitializePlatformSupportModulesInManaged (29ms)
			SetLoadedEditorAssemblies (6ms)
			RefreshPlugins (0ms)
			BeforeProcessingInitializeOnLoad (97ms)
			ProcessInitializeOnLoadAttributes (741ms)
			ProcessInitializeOnLoadMethodAttributes (28ms)
			AfterProcessingInitializeOnLoad (11ms)
			EditorAssembliesLoaded (0ms)
		ExecutionOrderSort2 (0ms)
		AwakeInstancesAfterBackupRestoration (12ms)
Launched and connected shader compiler UnityShaderCompiler.exe after 0.07 seconds
Refreshing native plugins compatible for Editor in 7.51 ms, found 3 plugins.
Preloading 0 native plugins for Editor in 0.00 ms.
Unloading 3474 Unused Serialized files (Serialized files now loaded: 0)
Unloading 32 unused Assets / (128.7 KB). Loaded Objects now: 3947.
Memory consumption went from 132.1 MB to 132.0 MB.
Total: 5.238400 ms (FindLiveObjects: 0.426500 ms CreateObjectMapping: 0.406500 ms MarkObjects: 4.255000 ms  DeleteObjects: 0.148600 ms)

AssetImportParameters requested are different than current active one (requested -> active):
  custom:container-demuxer-ogg: 62fdf1f143b41e24485cea50d1cbac27 -> 
  custom:video-decoder-ogg-theora: a1e56fd34408186e4bbccfd4996cb3dc -> 
  custom:framework-win-MediaFoundation: 216162199b28c13a410421893ffa2e32 -> 
  custom:CustomObjectIndexerAttribute: 9a22284fe3817be447336de3de66b15e -> 
  custom:container-demuxer-webm: 4f35f7cbe854078d1ac9338744f61a02 -> 
  custom:container-muxer-webm: aa71ff27fc2769a1b78a27578f13a17b -> 
  custom:video-decoder-webm-vp8: 9c59270c3fd7afecdb556c50c9e8de78 -> 
  custom:SearchIndexIgnoredProperties: e643bd26f0fe6173181afceb89e7c659 -> 
  custom:AudioImporter_EditorPlatform: d09bf68614088b80899f8185d706f6e7 -> 
  custom:video-encoder-webm-vp8: eb34c28f22e8b96e1ab97ce403110664 -> 
  custom:audio-decoder-ogg-vorbis: bf7c407c2cedff20999df2af8eb42d56 -> 
  custom:audio-encoder-webm-vorbis: bf7c407c2cedff20999df2af8eb42d56 -> 
========================================================================
Received Import Request.
  Time since last request: 163279.504667 seconds.
  path: Assets/Scenes/MOTHERBOARD ARENA.unity
  artifactKey: Guid(9fc0d4010bbf28b4594072e72b8655ab) Importer(815301076,1909f56bfc062723c751e8b465ee728b)
Start importing Assets/Scenes/MOTHERBOARD ARENA.unity using Guid(9fc0d4010bbf28b4594072e72b8655ab) Importer(815301076,1909f56bfc062723c751e8b465ee728b) [PhysX] Initialized MultithreadedTaskDispatcher with 12 workers.
 -> (artifact id: '3705ae1c1b7f642ee4b167aeef6ffe29') in 0.003705 seconds
Number of updated asset objects reloaded before import = 0
Number of asset objects unloaded after import = 0
========================================================================
Received Import Request.
  Time since last request: 26337.083142 seconds.
  path: Assets/pill-capsule.zip
  artifactKey: Guid(333707b992096734095701722cc71b7c) Importer(815301076,1909f56bfc062723c751e8b465ee728b)
Start importing Assets/pill-capsule.zip using Guid(333707b992096734095701722cc71b7c) Importer(815301076,1909f56bfc062723c751e8b465ee728b) [PhysX] Initialized MultithreadedTaskDispatcher with 12 workers.
 -> (artifact id: 'ebbf8065be27827476d261299164df1f') in 0.110772 seconds
Number of updated asset objects reloaded before import = 0
Number of asset objects unloaded after import = 1
========================================================================
Received Import Request.
  Time since last request: 21.730971 seconds.
  path: Assets/pill-capsule
  artifactKey: Guid(3fdbac8591b44bd4181ed66e88c9ff47) Importer(815301076,1909f56bfc062723c751e8b465ee728b)
Start importing Assets/pill-capsule using Guid(3fdbac8591b44bd4181ed66e88c9ff47) Importer(815301076,1909f56bfc062723c751e8b465ee728b) [PhysX] Initialized MultithreadedTaskDispatcher with 12 workers.
 -> (artifact id: '0d487e7efeb8cd795c61a18f37416b00') in 0.000616 seconds
Number of updated asset objects reloaded before import = 0
Number of asset objects unloaded after import = 0
========================================================================
Received Import Request.
  Time since last request: 1.199896 seconds.
  path: Assets/pill-capsule/source
  artifactKey: Guid(4345248fcfb2a4a4c92bf4c73763752b) Importer(815301076,1909f56bfc062723c751e8b465ee728b)
Start importing Assets/pill-capsule/source using Guid(4345248fcfb2a4a4c92bf4c73763752b) Importer(815301076,1909f56bfc062723c751e8b465ee728b) [PhysX] Initialized MultithreadedTaskDispatcher with 12 workers.
 -> (artifact id: '313913957330fc849afd66935e40316e') in 0.001731 seconds
Number of updated asset objects reloaded before import = 0
Number of asset objects unloaded after import = 0
========================================================================
Received Import Request.
  Time since last request: 0.097348 seconds.
  path: Assets/pill-capsule/source/pill.fbx
  artifactKey: Guid(fd26b705a2eb7ac44bb1f2f9072d91ed) Importer(815301076,1909f56bfc062723c751e8b465ee728b)
Start importing Assets/pill-capsule/source/pill.fbx using Guid(fd26b705a2eb7ac44bb1f2f9072d91ed) Importer(815301076,1909f56bfc062723c751e8b465ee728b) [PhysX] Initialized MultithreadedTaskDispatcher with 12 workers.
[PhysX] Initialized MultithreadedTaskDispatcher with 12 workers.
[PhysX] Initialized MultithreadedTaskDispatcher with 12 workers.
[PhysX] Initialized MultithreadedTaskDispatcher with 12 workers.
[PhysX] Initialized MultithreadedTaskDispatcher with 12 workers.
[PhysX] Initialized MultithreadedTaskDispatcher with 12 workers.
[PhysX] Initialized MultithreadedTaskDispatcher with 12 workers.
[PhysX] Initialized MultithreadedTaskDispatcher with 12 workers.
 -> (artifact id: 'b63f556b3dd2a097af568a4aa7a6480f') in 0.341688 seconds
Number of updated asset objects reloaded before import = 0
Number of asset objects unloaded after import = 16
========================================================================
Received Import Request.
  Time since last request: 1126.615442 seconds.
  path: Assets/Player/Player.prefab
  artifactKey: Guid(68f0ffc0a442c8e47b7d0bb5a2e885da) Importer(815301076,1909f56bfc062723c751e8b465ee728b)
Start importing Assets/Player/Player.prefab using Guid(68f0ffc0a442c8e47b7d0bb5a2e885da) Importer(815301076,1909f56bfc062723c751e8b465ee728b) [PhysX] Initialized MultithreadedTaskDispatcher with 12 workers.
[PhysX] Initialized MultithreadedTaskDispatcher with 12 workers.
 -> (artifact id: 'f21a64b087af404758934ce08b14df69') in 0.163808 seconds
Number of updated asset objects reloaded before import = 0
Number of asset objects unloaded after import = 87
========================================================================
Received Import Request.
  Time since last request: 3.916210 seconds.
  path: Assets/Prefabs/Heal.prefab
  artifactKey: Guid(98b0bac3a79a59e4b90b32ced64842ae) Importer(815301076,1909f56bfc062723c751e8b465ee728b)
Start importing Assets/Prefabs/Heal.prefab using Guid(98b0bac3a79a59e4b90b32ced64842ae) Importer(815301076,1909f56bfc062723c751e8b465ee728b) [PhysX] Initialized MultithreadedTaskDispatcher with 12 workers.
[PhysX] Initialized MultithreadedTaskDispatcher with 12 workers.
 -> (artifact id: 'a2f2902891d7ec0d43fb1b21003db09d') in 0.012866 seconds
Number of updated asset objects reloaded before import = 0
Number of asset objects unloaded after import = 15
========================================================================
Received Import Request.
  Time since last request: 68.991386 seconds.
  path: Assets/Prefabs/Heal.prefab
  artifactKey: Guid(98b0bac3a79a59e4b90b32ced64842ae) Importer(815301076,1909f56bfc062723c751e8b465ee728b)
Start importing Assets/Prefabs/Heal.prefab using Guid(98b0bac3a79a59e4b90b32ced64842ae) Importer(815301076,1909f56bfc062723c751e8b465ee728b) [PhysX] Initialized MultithreadedTaskDispatcher with 12 workers.
[PhysX] Initialized MultithreadedTaskDispatcher with 12 workers.
 -> (artifact id: 'ff9650c7ad91848c901b57bd1cdffbd6') in 0.010041 seconds
Number of updated asset objects reloaded before import = 0
Number of asset objects unloaded after import = 14
========================================================================
Received Import Request.
  Time since last request: 544.093813 seconds.
  path: Assets/Codes/HealPickup.cs
  artifactKey: Guid(d00bbcf2db91d8942bf5b1674af2fd03) Importer(815301076,1909f56bfc062723c751e8b465ee728b)
Start importing Assets/Codes/HealPickup.cs using Guid(d00bbcf2db91d8942bf5b1674af2fd03) Importer(815301076,1909f56bfc062723c751e8b465ee728b) [PhysX] Initialized MultithreadedTaskDispatcher with 12 workers.
 -> (artifact id: 'ca60b4b253aa87985ea102d4cc5b1a75') in 0.001426 seconds
Number of updated asset objects reloaded before import = 0
Number of asset objects unloaded after import = 0
========================================================================
Received Prepare
Caller must complete domain reload
Begin MonoManager ReloadAssembly
- Loaded All Assemblies, in  3.617 seconds
Native extension for WindowsStandalone target not found
Native extension for Android target not found
Mono: successfully reloaded assembly
- Finished resetting the current domain, in  3.429 seconds
Domain Reload Profiling: 7042ms
	BeginReloadAssembly (715ms)
		ExecutionOrderSort (0ms)
		DisableScriptedObjects (18ms)
		BackupInstance (0ms)
		ReleaseScriptingObjects (1ms)
		CreateAndSetChildDomain (400ms)
	RebuildCommonClasses (58ms)
	RebuildNativeTypeToScriptingClass (22ms)
	initialDomainReloadingComplete (55ms)
	LoadAllAssembliesAndSetupDomain (2761ms)
		LoadAssemblies (2874ms)
		RebuildTransferFunctionScriptingTraits (0ms)
		AnalyzeDomain (93ms)
			TypeCache.Refresh (38ms)
				TypeCache.ScanAssembly (1ms)
			ScanForSourceGeneratedMonoScriptInfo (33ms)
			ResolveRequiredComponents (21ms)
	FinalizeReload (3430ms)
		ReleaseScriptCaches (0ms)
		RebuildScriptCaches (0ms)
		SetupLoadedEditorAssemblies (987ms)
			LogAssemblyErrors (0ms)
			InitializePlatformSupportModulesInManaged (44ms)
			SetLoadedEditorAssemblies (59ms)
			RefreshPlugins (0ms)
			BeforeProcessingInitializeOnLoad (162ms)
			ProcessInitializeOnLoadAttributes (680ms)
			ProcessInitializeOnLoadMethodAttributes (31ms)
			AfterProcessingInitializeOnLoad (11ms)
			EditorAssembliesLoaded (0ms)
		ExecutionOrderSort2 (0ms)
		AwakeInstancesAfterBackupRestoration (13ms)
Refreshing native plugins compatible for Editor in 6.98 ms, found 3 plugins.
Preloading 0 native plugins for Editor in 0.00 ms.
Unloading 3453 Unused Serialized files (Serialized files now loaded: 0)
Unloading 15 unused Assets / (99.7 KB). Loaded Objects now: 4009.
Memory consumption went from 131.7 MB to 131.6 MB.
Total: 6.305600 ms (FindLiveObjects: 0.330700 ms CreateObjectMapping: 0.305400 ms MarkObjects: 5.601800 ms  DeleteObjects: 0.066200 ms)

Prepare: number of updated asset objects reloaded= 0
AssetImportParameters requested are different than current active one (requested -> active):
  custom:container-demuxer-ogg: 62fdf1f143b41e24485cea50d1cbac27 -> 
  custom:video-decoder-ogg-theora: a1e56fd34408186e4bbccfd4996cb3dc -> 
  custom:framework-win-MediaFoundation: 216162199b28c13a410421893ffa2e32 -> 
  custom:scripting/monoscript/fileName/HealPickup.cs: 71876bf87905af9fc6eaaa92ce9f9cc1 -> 
  custom:CustomObjectIndexerAttribute: 9a22284fe3817be447336de3de66b15e -> 
  custom:container-demuxer-webm: 4f35f7cbe854078d1ac9338744f61a02 -> 
  custom:container-muxer-webm: aa71ff27fc2769a1b78a27578f13a17b -> 
  custom:video-decoder-webm-vp8: 9c59270c3fd7afecdb556c50c9e8de78 -> 
  custom:SearchIndexIgnoredProperties: e643bd26f0fe6173181afceb89e7c659 -> 
  custom:AudioImporter_EditorPlatform: d09bf68614088b80899f8185d706f6e7 -> 
  custom:video-encoder-webm-vp8: eb34c28f22e8b96e1ab97ce403110664 -> 
  custom:audio-decoder-ogg-vorbis: bf7c407c2cedff20999df2af8eb42d56 -> 
  custom:audio-encoder-webm-vorbis: bf7c407c2cedff20999df2af8eb42d56 -> 
  custom:scripting/precompiled-assembly-types:Assembly-CSharp: 0bba5674f77d92ad328955e8a722c46c -> a9a1178b2d54efcd4a4866cd6fa1f88e
========================================================================
Received Import Request.
  Time since last request: 29.051994 seconds.
  path: Assets/Codes/HealPickup.cs
  artifactKey: Guid(d00bbcf2db91d8942bf5b1674af2fd03) Importer(815301076,1909f56bfc062723c751e8b465ee728b)
Start importing Assets/Codes/HealPickup.cs using Guid(d00bbcf2db91d8942bf5b1674af2fd03) Importer(815301076,1909f56bfc062723c751e8b465ee728b) [PhysX] Initialized MultithreadedTaskDispatcher with 12 workers.
 -> (artifact id: '8220ef4e172e0db422cdc450f5a15b45') in 0.022862 seconds
Number of updated asset objects reloaded before import = 0
Number of asset objects unloaded after import = 0
========================================================================
Received Import Request.
  Time since last request: 296.898923 seconds.
  path: Assets/Codes/HealPickup.cs
  artifactKey: Guid(d00bbcf2db91d8942bf5b1674af2fd03) Importer(815301076,1909f56bfc062723c751e8b465ee728b)
Start importing Assets/Codes/HealPickup.cs using Guid(d00bbcf2db91d8942bf5b1674af2fd03) Importer(815301076,1909f56bfc062723c751e8b465ee728b) [PhysX] Initialized MultithreadedTaskDispatcher with 12 workers.
 -> (artifact id: '749272b34db42c870db1b3869322c1f4') in 0.001149 seconds
Number of updated asset objects reloaded before import = 0
Number of asset objects unloaded after import = 0
========================================================================
Received Import Request.
  Time since last request: 476.969899 seconds.
  path: Assets/Codes/HealPickup.cs
  artifactKey: Guid(d00bbcf2db91d8942bf5b1674af2fd03) Importer(815301076,1909f56bfc062723c751e8b465ee728b)
Start importing Assets/Codes/HealPickup.cs using Guid(d00bbcf2db91d8942bf5b1674af2fd03) Importer(815301076,1909f56bfc062723c751e8b465ee728b) [PhysX] Initialized MultithreadedTaskDispatcher with 12 workers.
 -> (artifact id: '1194625aacfcaaeb5e19c8420ea29ed0') in 0.001153 seconds
Number of updated asset objects reloaded before import = 0
Number of asset objects unloaded after import = 0
========================================================================
Received Import Request.
  Time since last request: 107.626830 seconds.
  path: Assets/Codes/HealPickup.cs
  artifactKey: Guid(d00bbcf2db91d8942bf5b1674af2fd03) Importer(815301076,1909f56bfc062723c751e8b465ee728b)
Start importing Assets/Codes/HealPickup.cs using Guid(d00bbcf2db91d8942bf5b1674af2fd03) Importer(815301076,1909f56bfc062723c751e8b465ee728b) [PhysX] Initialized MultithreadedTaskDispatcher with 12 workers.
 -> (artifact id: '8a13d51a0402eb50a56d53ddabaea214') in 0.001172 seconds
Number of updated asset objects reloaded before import = 0
Number of asset objects unloaded after import = 0
========================================================================
Received Import Request.
  Time since last request: 187.568906 seconds.
  path: Assets/Codes/HealPickup.cs
  artifactKey: Guid(d00bbcf2db91d8942bf5b1674af2fd03) Importer(815301076,1909f56bfc062723c751e8b465ee728b)
Start importing Assets/Codes/HealPickup.cs using Guid(d00bbcf2db91d8942bf5b1674af2fd03) Importer(815301076,1909f56bfc062723c751e8b465ee728b) [PhysX] Initialized MultithreadedTaskDispatcher with 12 workers.
 -> (artifact id: 'd3e917698af48e9507d8dfca0bccd2af') in 0.001095 seconds
Number of updated asset objects reloaded before import = 0
Number of asset objects unloaded after import = 0
========================================================================
Received Import Request.
  Time since last request: 32.516934 seconds.
  path: Assets/Codes/HealPickup.cs
  artifactKey: Guid(d00bbcf2db91d8942bf5b1674af2fd03) Importer(815301076,1909f56bfc062723c751e8b465ee728b)
Start importing Assets/Codes/HealPickup.cs using Guid(d00bbcf2db91d8942bf5b1674af2fd03) Importer(815301076,1909f56bfc062723c751e8b465ee728b) [PhysX] Initialized MultithreadedTaskDispatcher with 12 workers.
 -> (artifact id: 'f4a7354c537f2a6bdbd2dc2598111713') in 0.001434 seconds
Number of updated asset objects reloaded before import = 0
Number of asset objects unloaded after import = 0
========================================================================
Received Prepare
Caller must complete domain reload
Begin MonoManager ReloadAssembly
- Loaded All Assemblies, in  0.663 seconds
Native extension for WindowsStandalone target not found
Native extension for Android target not found
Mono: successfully reloaded assembly
- Finished resetting the current domain, in  2.217 seconds
Domain Reload Profiling: 2876ms
	BeginReloadAssembly (217ms)
		ExecutionOrderSort (0ms)
		DisableScriptedObjects (7ms)
		BackupInstance (0ms)
		ReleaseScriptingObjects (0ms)
		CreateAndSetChildDomain (46ms)
	RebuildCommonClasses (48ms)
	RebuildNativeTypeToScriptingClass (16ms)
	initialDomainReloadingComplete (42ms)
	LoadAllAssembliesAndSetupDomain (336ms)
		LoadAssemblies (427ms)
		RebuildTransferFunctionScriptingTraits (0ms)
		AnalyzeDomain (30ms)
			TypeCache.Refresh (9ms)
				TypeCache.ScanAssembly (0ms)
			ScanForSourceGeneratedMonoScriptInfo (10ms)
			ResolveRequiredComponents (9ms)
	FinalizeReload (2217ms)
		ReleaseScriptCaches (0ms)
		RebuildScriptCaches (0ms)
		SetupLoadedEditorAssemblies (825ms)
			LogAssemblyErrors (0ms)
			InitializePlatformSupportModulesInManaged (35ms)
			SetLoadedEditorAssemblies (11ms)
			RefreshPlugins (0ms)
			BeforeProcessingInitializeOnLoad (94ms)
			ProcessInitializeOnLoadAttributes (646ms)
			ProcessInitializeOnLoadMethodAttributes (29ms)
			AfterProcessingInitializeOnLoad (10ms)
			EditorAssembliesLoaded (0ms)
		ExecutionOrderSort2 (0ms)
		AwakeInstancesAfterBackupRestoration (12ms)
Refreshing native plugins compatible for Editor in 4.02 ms, found 3 plugins.
Preloading 0 native plugins for Editor in 0.00 ms.
Unloading 3453 Unused Serialized files (Serialized files now loaded: 0)
Unloading 15 unused Assets / (99.7 KB). Loaded Objects now: 4025.
Memory consumption went from 131.8 MB to 131.7 MB.
Total: 4.696800 ms (FindLiveObjects: 0.327800 ms CreateObjectMapping: 0.240500 ms MarkObjects: 4.060500 ms  DeleteObjects: 0.061600 ms)

Prepare: number of updated asset objects reloaded= 0
AssetImportParameters requested are different than current active one (requested -> active):
  custom:container-demuxer-ogg: 62fdf1f143b41e24485cea50d1cbac27 -> 
  custom:video-decoder-ogg-theora: a1e56fd34408186e4bbccfd4996cb3dc -> 
  custom:framework-win-MediaFoundation: 216162199b28c13a410421893ffa2e32 -> 
  custom:scripting/monoscript/fileName/HealPickup.cs: 71876bf87905af9fc6eaaa92ce9f9cc1 -> 
  custom:CustomObjectIndexerAttribute: 9a22284fe3817be447336de3de66b15e -> 
  custom:container-demuxer-webm: 4f35f7cbe854078d1ac9338744f61a02 -> 
  custom:container-muxer-webm: aa71ff27fc2769a1b78a27578f13a17b -> 
  custom:video-decoder-webm-vp8: 9c59270c3fd7afecdb556c50c9e8de78 -> 
  custom:SearchIndexIgnoredProperties: e643bd26f0fe6173181afceb89e7c659 -> 
  custom:AudioImporter_EditorPlatform: d09bf68614088b80899f8185d706f6e7 -> 
  custom:video-encoder-webm-vp8: eb34c28f22e8b96e1ab97ce403110664 -> 
  custom:audio-decoder-ogg-vorbis: bf7c407c2cedff20999df2af8eb42d56 -> 
  custom:audio-encoder-webm-vorbis: bf7c407c2cedff20999df2af8eb42d56 -> 
  custom:scripting/precompiled-assembly-types:Assembly-CSharp: 0bba5674f77d92ad328955e8a722c46c -> a9a1178b2d54efcd4a4866cd6fa1f88e
========================================================================
Received Prepare
Caller must complete domain reload
Begin MonoManager ReloadAssembly
- Loaded All Assemblies, in  1.316 seconds
Native extension for WindowsStandalone target not found
Native extension for Android target not found
Mono: successfully reloaded assembly
- Finished resetting the current domain, in  1.522 seconds
Domain Reload Profiling: 2834ms
	BeginReloadAssembly (272ms)
		ExecutionOrderSort (0ms)
		DisableScriptedObjects (23ms)
		BackupInstance (0ms)
		ReleaseScriptingObjects (0ms)
		CreateAndSetChildDomain (46ms)
	RebuildCommonClasses (44ms)
	RebuildNativeTypeToScriptingClass (15ms)
	initialDomainReloadingComplete (44ms)
	LoadAllAssembliesAndSetupDomain (936ms)
		LoadAssemblies (1041ms)
		RebuildTransferFunctionScriptingTraits (0ms)
		AnalyzeDomain (40ms)
			TypeCache.Refresh (12ms)
				TypeCache.ScanAssembly (1ms)
			ScanForSourceGeneratedMonoScriptInfo (11ms)
			ResolveRequiredComponents (16ms)
	FinalizeReload (1523ms)
		ReleaseScriptCaches (0ms)
		RebuildScriptCaches (0ms)
		SetupLoadedEditorAssemblies (806ms)
			LogAssemblyErrors (0ms)
			InitializePlatformSupportModulesInManaged (29ms)
			SetLoadedEditorAssemblies (4ms)
			RefreshPlugins (0ms)
			BeforeProcessingInitializeOnLoad (92ms)
			ProcessInitializeOnLoadAttributes (638ms)
			ProcessInitializeOnLoadMethodAttributes (29ms)
			AfterProcessingInitializeOnLoad (14ms)
			EditorAssembliesLoaded (0ms)
		ExecutionOrderSort2 (0ms)
		AwakeInstancesAfterBackupRestoration (13ms)
Refreshing native plugins compatible for Editor in 3.05 ms, found 3 plugins.
Preloading 0 native plugins for Editor in 0.00 ms.
Unloading 3454 Unused Serialized files (Serialized files now loaded: 0)
Unloading 15 unused Assets / (99.8 KB). Loaded Objects now: 4041.
Memory consumption went from 132.0 MB to 131.9 MB.
Total: 3.886500 ms (FindLiveObjects: 0.292900 ms CreateObjectMapping: 0.305500 ms MarkObjects: 3.231800 ms  DeleteObjects: 0.055700 ms)

Prepare: number of updated asset objects reloaded= 0
AssetImportParameters requested are different than current active one (requested -> active):
  custom:container-demuxer-ogg: 62fdf1f143b41e24485cea50d1cbac27 -> 
  custom:video-decoder-ogg-theora: a1e56fd34408186e4bbccfd4996cb3dc -> 
  custom:framework-win-MediaFoundation: 216162199b28c13a410421893ffa2e32 -> 
  custom:scripting/monoscript/fileName/HealPickup.cs: 71876bf87905af9fc6eaaa92ce9f9cc1 -> 
  custom:CustomObjectIndexerAttribute: 9a22284fe3817be447336de3de66b15e -> 
  custom:container-demuxer-webm: 4f35f7cbe854078d1ac9338744f61a02 -> 
  custom:container-muxer-webm: aa71ff27fc2769a1b78a27578f13a17b -> 
  custom:video-decoder-webm-vp8: 9c59270c3fd7afecdb556c50c9e8de78 -> 
  custom:SearchIndexIgnoredProperties: e643bd26f0fe6173181afceb89e7c659 -> 
  custom:AudioImporter_EditorPlatform: d09bf68614088b80899f8185d706f6e7 -> 
  custom:video-encoder-webm-vp8: eb34c28f22e8b96e1ab97ce403110664 -> 
  custom:audio-decoder-ogg-vorbis: bf7c407c2cedff20999df2af8eb42d56 -> 
  custom:audio-encoder-webm-vorbis: bf7c407c2cedff20999df2af8eb42d56 -> 
  custom:scripting/precompiled-assembly-types:Assembly-CSharp: 0bba5674f77d92ad328955e8a722c46c -> a9a1178b2d54efcd4a4866cd6fa1f88e
========================================================================
Received Prepare
Caller must complete domain reload
Begin MonoManager ReloadAssembly
- Loaded All Assemblies, in  1.102 seconds
Native extension for WindowsStandalone target not found
Native extension for Android target not found
Mono: successfully reloaded assembly
- Finished resetting the current domain, in  1.693 seconds
Domain Reload Profiling: 2791ms
	BeginReloadAssembly (245ms)
		ExecutionOrderSort (0ms)
		DisableScriptedObjects (13ms)
		BackupInstance (0ms)
		ReleaseScriptingObjects (0ms)
		CreateAndSetChildDomain (50ms)
	RebuildCommonClasses (46ms)
	RebuildNativeTypeToScriptingClass (16ms)
	initialDomainReloadingComplete (42ms)
	LoadAllAssembliesAndSetupDomain (749ms)
		LoadAssemblies (855ms)
		RebuildTransferFunctionScriptingTraits (0ms)
		AnalyzeDomain (28ms)
			TypeCache.Refresh (9ms)
				TypeCache.ScanAssembly (0ms)
			ScanForSourceGeneratedMonoScriptInfo (9ms)
			ResolveRequiredComponents (9ms)
	FinalizeReload (1693ms)
		ReleaseScriptCaches (0ms)
		RebuildScriptCaches (0ms)
		SetupLoadedEditorAssemblies (835ms)
			LogAssemblyErrors (0ms)
			InitializePlatformSupportModulesInManaged (33ms)
			SetLoadedEditorAssemblies (6ms)
			RefreshPlugins (0ms)
			BeforeProcessingInitializeOnLoad (94ms)
			ProcessInitializeOnLoadAttributes (666ms)
			ProcessInitializeOnLoadMethodAttributes (25ms)
			AfterProcessingInitializeOnLoad (11ms)
			EditorAssembliesLoaded (0ms)
		ExecutionOrderSort2 (0ms)
		AwakeInstancesAfterBackupRestoration (13ms)
Refreshing native plugins compatible for Editor in 4.15 ms, found 3 plugins.
Preloading 0 native plugins for Editor in 0.00 ms.
Unloading 3454 Unused Serialized files (Serialized files now loaded: 0)
Unloading 15 unused Assets / (99.7 KB). Loaded Objects now: 4057.
Memory consumption went from 132.0 MB to 131.9 MB.
Total: 4.409800 ms (FindLiveObjects: 0.310900 ms CreateObjectMapping: 0.275400 ms MarkObjects: 3.755000 ms  DeleteObjects: 0.067600 ms)

Prepare: number of updated asset objects reloaded= 0
AssetImportParameters requested are different than current active one (requested -> active):
  custom:container-demuxer-ogg: 62fdf1f143b41e24485cea50d1cbac27 -> 
  custom:video-decoder-ogg-theora: a1e56fd34408186e4bbccfd4996cb3dc -> 
  custom:framework-win-MediaFoundation: 216162199b28c13a410421893ffa2e32 -> 
  custom:scripting/monoscript/fileName/HealPickup.cs: 71876bf87905af9fc6eaaa92ce9f9cc1 -> 
  custom:CustomObjectIndexerAttribute: 9a22284fe3817be447336de3de66b15e -> 
  custom:container-demuxer-webm: 4f35f7cbe854078d1ac9338744f61a02 -> 
  custom:container-muxer-webm: aa71ff27fc2769a1b78a27578f13a17b -> 
  custom:video-decoder-webm-vp8: 9c59270c3fd7afecdb556c50c9e8de78 -> 
  custom:SearchIndexIgnoredProperties: e643bd26f0fe6173181afceb89e7c659 -> 
  custom:AudioImporter_EditorPlatform: d09bf68614088b80899f8185d706f6e7 -> 
  custom:video-encoder-webm-vp8: eb34c28f22e8b96e1ab97ce403110664 -> 
  custom:audio-decoder-ogg-vorbis: bf7c407c2cedff20999df2af8eb42d56 -> 
  custom:audio-encoder-webm-vorbis: bf7c407c2cedff20999df2af8eb42d56 -> 
  custom:scripting/precompiled-assembly-types:Assembly-CSharp: 0bba5674f77d92ad328955e8a722c46c -> a9a1178b2d54efcd4a4866cd6fa1f88e
========================================================================
Received Prepare
Caller must complete domain reload
Begin MonoManager ReloadAssembly
- Loaded All Assemblies, in  0.835 seconds
Native extension for WindowsStandalone target not found
Native extension for Android target not found
Mono: successfully reloaded assembly
- Finished resetting the current domain, in  1.659 seconds
Domain Reload Profiling: 2489ms
	BeginReloadAssembly (216ms)
		ExecutionOrderSort (0ms)
		DisableScriptedObjects (13ms)
		BackupInstance (0ms)
		ReleaseScriptingObjects (0ms)
		CreateAndSetChildDomain (43ms)
	RebuildCommonClasses (50ms)
	RebuildNativeTypeToScriptingClass (16ms)
	initialDomainReloadingComplete (49ms)
	LoadAllAssembliesAndSetupDomain (499ms)
		LoadAssemblies (589ms)
		RebuildTransferFunctionScriptingTraits (0ms)
		AnalyzeDomain (30ms)
			TypeCache.Refresh (10ms)
				TypeCache.ScanAssembly (0ms)
			ScanForSourceGeneratedMonoScriptInfo (9ms)
			ResolveRequiredComponents (10ms)
	FinalizeReload (1660ms)
		ReleaseScriptCaches (0ms)
		RebuildScriptCaches (0ms)
		SetupLoadedEditorAssemblies (776ms)
			LogAssemblyErrors (0ms)
			InitializePlatformSupportModulesInManaged (29ms)
			SetLoadedEditorAssemblies (6ms)
			RefreshPlugins (0ms)
			BeforeProcessingInitializeOnLoad (84ms)
			ProcessInitializeOnLoadAttributes (618ms)
			ProcessInitializeOnLoadMethodAttributes (29ms)
			AfterProcessingInitializeOnLoad (10ms)
			EditorAssembliesLoaded (0ms)
		ExecutionOrderSort2 (0ms)
		AwakeInstancesAfterBackupRestoration (12ms)
Refreshing native plugins compatible for Editor in 4.23 ms, found 3 plugins.
Preloading 0 native plugins for Editor in 0.00 ms.
Unloading 3454 Unused Serialized files (Serialized files now loaded: 0)
Unloading 15 unused Assets / (99.8 KB). Loaded Objects now: 4073.
Memory consumption went from 132.1 MB to 132.0 MB.
Total: 4.077900 ms (FindLiveObjects: 0.326100 ms CreateObjectMapping: 0.288200 ms MarkObjects: 3.404300 ms  DeleteObjects: 0.058300 ms)

Prepare: number of updated asset objects reloaded= 0
AssetImportParameters requested are different than current active one (requested -> active):
  custom:container-demuxer-ogg: 62fdf1f143b41e24485cea50d1cbac27 -> 
  custom:video-decoder-ogg-theora: a1e56fd34408186e4bbccfd4996cb3dc -> 
  custom:framework-win-MediaFoundation: 216162199b28c13a410421893ffa2e32 -> 
  custom:scripting/monoscript/fileName/HealPickup.cs: 71876bf87905af9fc6eaaa92ce9f9cc1 -> 
  custom:CustomObjectIndexerAttribute: 9a22284fe3817be447336de3de66b15e -> 
  custom:container-demuxer-webm: 4f35f7cbe854078d1ac9338744f61a02 -> 
  custom:container-muxer-webm: aa71ff27fc2769a1b78a27578f13a17b -> 
  custom:video-decoder-webm-vp8: 9c59270c3fd7afecdb556c50c9e8de78 -> 
  custom:SearchIndexIgnoredProperties: e643bd26f0fe6173181afceb89e7c659 -> 
  custom:AudioImporter_EditorPlatform: d09bf68614088b80899f8185d706f6e7 -> 
  custom:video-encoder-webm-vp8: eb34c28f22e8b96e1ab97ce403110664 -> 
  custom:audio-decoder-ogg-vorbis: bf7c407c2cedff20999df2af8eb42d56 -> 
  custom:audio-encoder-webm-vorbis: bf7c407c2cedff20999df2af8eb42d56 -> 
  custom:scripting/precompiled-assembly-types:Assembly-CSharp: 0bba5674f77d92ad328955e8a722c46c -> a9a1178b2d54efcd4a4866cd6fa1f88e
========================================================================
Received Prepare
Caller must complete domain reload
Begin MonoManager ReloadAssembly
- Loaded All Assemblies, in  0.639 seconds
Native extension for WindowsStandalone target not found
Native extension for Android target not found
Mono: successfully reloaded assembly
- Finished resetting the current domain, in  1.656 seconds
Domain Reload Profiling: 2291ms
	BeginReloadAssembly (226ms)
		ExecutionOrderSort (0ms)
		DisableScriptedObjects (10ms)
		BackupInstance (0ms)
		ReleaseScriptingObjects (0ms)
		CreateAndSetChildDomain (44ms)
	RebuildCommonClasses (46ms)
	RebuildNativeTypeToScriptingClass (21ms)
	initialDomainReloadingComplete (39ms)
	LoadAllAssembliesAndSetupDomain (303ms)
		LoadAssemblies (404ms)
		RebuildTransferFunctionScriptingTraits (0ms)
		AnalyzeDomain (29ms)
			TypeCache.Refresh (9ms)
				TypeCache.ScanAssembly (0ms)
			ScanForSourceGeneratedMonoScriptInfo (8ms)
			ResolveRequiredComponents (10ms)
	FinalizeReload (1657ms)
		ReleaseScriptCaches (0ms)
		RebuildScriptCaches (0ms)
		SetupLoadedEditorAssemblies (774ms)
			LogAssemblyErrors (0ms)
			InitializePlatformSupportModulesInManaged (34ms)
			SetLoadedEditorAssemblies (6ms)
			RefreshPlugins (0ms)
			BeforeProcessingInitializeOnLoad (85ms)
			ProcessInitializeOnLoadAttributes (615ms)
			ProcessInitializeOnLoadMethodAttributes (24ms)
			AfterProcessingInitializeOnLoad (10ms)
			EditorAssembliesLoaded (0ms)
		ExecutionOrderSort2 (0ms)
		AwakeInstancesAfterBackupRestoration (15ms)
Refreshing native plugins compatible for Editor in 4.21 ms, found 3 plugins.
Preloading 0 native plugins for Editor in 0.00 ms.
Unloading 3454 Unused Serialized files (Serialized files now loaded: 0)
Unloading 15 unused Assets / (99.8 KB). Loaded Objects now: 4089.
Memory consumption went from 132.1 MB to 132.0 MB.
Total: 4.381400 ms (FindLiveObjects: 0.324700 ms CreateObjectMapping: 0.275400 ms MarkObjects: 3.718900 ms  DeleteObjects: 0.061700 ms)

Prepare: number of updated asset objects reloaded= 0
AssetImportParameters requested are different than current active one (requested -> active):
  custom:container-demuxer-ogg: 62fdf1f143b41e24485cea50d1cbac27 -> 
  custom:video-decoder-ogg-theora: a1e56fd34408186e4bbccfd4996cb3dc -> 
  custom:framework-win-MediaFoundation: 216162199b28c13a410421893ffa2e32 -> 
  custom:scripting/monoscript/fileName/HealPickup.cs: 71876bf87905af9fc6eaaa92ce9f9cc1 -> 
  custom:CustomObjectIndexerAttribute: 9a22284fe3817be447336de3de66b15e -> 
  custom:container-demuxer-webm: 4f35f7cbe854078d1ac9338744f61a02 -> 
  custom:container-muxer-webm: aa71ff27fc2769a1b78a27578f13a17b -> 
  custom:video-decoder-webm-vp8: 9c59270c3fd7afecdb556c50c9e8de78 -> 
  custom:SearchIndexIgnoredProperties: e643bd26f0fe6173181afceb89e7c659 -> 
  custom:AudioImporter_EditorPlatform: d09bf68614088b80899f8185d706f6e7 -> 
  custom:video-encoder-webm-vp8: eb34c28f22e8b96e1ab97ce403110664 -> 
  custom:audio-decoder-ogg-vorbis: bf7c407c2cedff20999df2af8eb42d56 -> 
  custom:audio-encoder-webm-vorbis: bf7c407c2cedff20999df2af8eb42d56 -> 
  custom:scripting/precompiled-assembly-types:Assembly-CSharp: 0bba5674f77d92ad328955e8a722c46c -> a9a1178b2d54efcd4a4866cd6fa1f88e
========================================================================
Received Import Request.
  Time since last request: 1026.503181 seconds.
  path: Assets/Virus 1/Virus 5 b animated 2.prefab
  artifactKey: Guid(da5fd7734a4fb694ea68435301636a90) Importer(815301076,1909f56bfc062723c751e8b465ee728b)
Start importing Assets/Virus 1/Virus 5 b animated 2.prefab using Guid(da5fd7734a4fb694ea68435301636a90) Importer(815301076,1909f56bfc062723c751e8b465ee728b) [PhysX] Initialized MultithreadedTaskDispatcher with 12 workers.
[PhysX] Initialized MultithreadedTaskDispatcher with 12 workers.
 -> (artifact id: 'a7aa883bbffd385b3d4b4374ba0cd127') in 0.194646 seconds
Number of updated asset objects reloaded before import = 0
Number of asset objects unloaded after import = 108
========================================================================
Received Import Request.
  Time since last request: 13.248085 seconds.
  path: Assets/Virus 1/Virus 5 b animated 2.prefab
  artifactKey: Guid(da5fd7734a4fb694ea68435301636a90) Importer(815301076,1909f56bfc062723c751e8b465ee728b)
Start importing Assets/Virus 1/Virus 5 b animated 2.prefab using Guid(da5fd7734a4fb694ea68435301636a90) Importer(815301076,1909f56bfc062723c751e8b465ee728b) [PhysX] Initialized MultithreadedTaskDispatcher with 12 workers.
[PhysX] Initialized MultithreadedTaskDispatcher with 12 workers.
 -> (artifact id: 'a592480a4ecb0a5da4eb1e34ec6943ef') in 0.040592 seconds
Number of updated asset objects reloaded before import = 0
Number of asset objects unloaded after import = 121
========================================================================
Received Import Request.
  Time since last request: 11.583784 seconds.
  path: Assets/Virus 1/Virus 5 b animated 2.prefab
  artifactKey: Guid(da5fd7734a4fb694ea68435301636a90) Importer(815301076,1909f56bfc062723c751e8b465ee728b)
Start importing Assets/Virus 1/Virus 5 b animated 2.prefab using Guid(da5fd7734a4fb694ea68435301636a90) Importer(815301076,1909f56bfc062723c751e8b465ee728b) [PhysX] Initialized MultithreadedTaskDispatcher with 12 workers.
[PhysX] Initialized MultithreadedTaskDispatcher with 12 workers.
 -> (artifact id: 'adbb2d9702fa29c99a181b6f09c8df38') in 0.029442 seconds
Number of updated asset objects reloaded before import = 0
Number of asset objects unloaded after import = 121
========================================================================
Received Prepare
Caller must complete domain reload
Begin MonoManager ReloadAssembly
- Loaded All Assemblies, in  0.604 seconds
Native extension for WindowsStandalone target not found
Native extension for Android target not found
Mono: successfully reloaded assembly
- Finished resetting the current domain, in  1.676 seconds
Domain Reload Profiling: 2277ms
	BeginReloadAssembly (207ms)
		ExecutionOrderSort (0ms)
		DisableScriptedObjects (6ms)
		BackupInstance (0ms)
		ReleaseScriptingObjects (0ms)
		CreateAndSetChildDomain (42ms)
	RebuildCommonClasses (49ms)
	RebuildNativeTypeToScriptingClass (15ms)
	initialDomainReloadingComplete (46ms)
	LoadAllAssembliesAndSetupDomain (284ms)
		LoadAssemblies (384ms)
		RebuildTransferFunctionScriptingTraits (0ms)
		AnalyzeDomain (20ms)
			TypeCache.Refresh (6ms)
				TypeCache.ScanAssembly (0ms)
			ScanForSourceGeneratedMonoScriptInfo (0ms)
			ResolveRequiredComponents (12ms)
	FinalizeReload (1678ms)
		ReleaseScriptCaches (0ms)
		RebuildScriptCaches (0ms)
		SetupLoadedEditorAssemblies (930ms)
			LogAssemblyErrors (0ms)
			InitializePlatformSupportModulesInManaged (31ms)
			SetLoadedEditorAssemblies (7ms)
			RefreshPlugins (0ms)
			BeforeProcessingInitializeOnLoad (100ms)
			ProcessInitializeOnLoadAttributes (750ms)
			ProcessInitializeOnLoadMethodAttributes (29ms)
			AfterProcessingInitializeOnLoad (13ms)
			EditorAssembliesLoaded (0ms)
		ExecutionOrderSort2 (0ms)
		AwakeInstancesAfterBackupRestoration (17ms)
Refreshing native plugins compatible for Editor in 6.48 ms, found 3 plugins.
Preloading 0 native plugins for Editor in 0.00 ms.
Unloading 3453 Unused Serialized files (Serialized files now loaded: 0)
Unloading 15 unused Assets / (99.8 KB). Loaded Objects now: 4106.
Memory consumption went from 133.4 MB to 133.3 MB.
Total: 5.197000 ms (FindLiveObjects: 0.498100 ms CreateObjectMapping: 0.315900 ms MarkObjects: 4.315100 ms  DeleteObjects: 0.067000 ms)

Prepare: number of updated asset objects reloaded= 0
AssetImportParameters requested are different than current active one (requested -> active):
  custom:container-demuxer-ogg: 62fdf1f143b41e24485cea50d1cbac27 -> 
  custom:video-decoder-ogg-theora: a1e56fd34408186e4bbccfd4996cb3dc -> 
  custom:framework-win-MediaFoundation: 216162199b28c13a410421893ffa2e32 -> 
  custom:scripting/monoscript/fileName/HealPickup.cs: 71876bf87905af9fc6eaaa92ce9f9cc1 -> 
  custom:CustomObjectIndexerAttribute: 9a22284fe3817be447336de3de66b15e -> 
  custom:container-demuxer-webm: 4f35f7cbe854078d1ac9338744f61a02 -> 
  custom:container-muxer-webm: aa71ff27fc2769a1b78a27578f13a17b -> 
  custom:video-decoder-webm-vp8: 9c59270c3fd7afecdb556c50c9e8de78 -> 
  custom:SearchIndexIgnoredProperties: e643bd26f0fe6173181afceb89e7c659 -> 
  custom:AudioImporter_EditorPlatform: d09bf68614088b80899f8185d706f6e7 -> 
  custom:video-encoder-webm-vp8: eb34c28f22e8b96e1ab97ce403110664 -> 
  custom:audio-decoder-ogg-vorbis: bf7c407c2cedff20999df2af8eb42d56 -> 
  custom:audio-encoder-webm-vorbis: bf7c407c2cedff20999df2af8eb42d56 -> 
  custom:scripting/precompiled-assembly-types:Assembly-CSharp: 0bba5674f77d92ad328955e8a722c46c -> a9a1178b2d54efcd4a4866cd6fa1f88e
========================================================================
Received Import Request.
  Time since last request: 25.983773 seconds.
  path: Assets/Prefabs/Heal.prefab
  artifactKey: Guid(98b0bac3a79a59e4b90b32ced64842ae) Importer(815301076,1909f56bfc062723c751e8b465ee728b)
Start importing Assets/Prefabs/Heal.prefab using Guid(98b0bac3a79a59e4b90b32ced64842ae) Importer(815301076,1909f56bfc062723c751e8b465ee728b) [PhysX] Initialized MultithreadedTaskDispatcher with 12 workers.
[PhysX] Initialized MultithreadedTaskDispatcher with 12 workers.
 -> (artifact id: '7ff8e144c9a22453317b092a6b1d5b31') in 0.087924 seconds
Number of updated asset objects reloaded before import = 0
Number of asset objects unloaded after import = 14
========================================================================
Received Import Request.
  Time since last request: 2.081711 seconds.
  path: Assets/Virus 1/Virus 5 b animated 2.prefab
  artifactKey: Guid(da5fd7734a4fb694ea68435301636a90) Importer(815301076,1909f56bfc062723c751e8b465ee728b)
Start importing Assets/Virus 1/Virus 5 b animated 2.prefab using Guid(da5fd7734a4fb694ea68435301636a90) Importer(815301076,1909f56bfc062723c751e8b465ee728b) [PhysX] Initialized MultithreadedTaskDispatcher with 12 workers.
[PhysX] Initialized MultithreadedTaskDispatcher with 12 workers.
 -> (artifact id: 'c60307a4353e7178eb26f157f896863d') in 0.090726 seconds
Number of updated asset objects reloaded before import = 0
Number of asset objects unloaded after import = 121
========================================================================
Received Prepare
Caller must complete domain reload
Begin MonoManager ReloadAssembly
- Loaded All Assemblies, in  0.581 seconds
Native extension for WindowsStandalone target not found
Native extension for Android target not found
Mono: successfully reloaded assembly
- Finished resetting the current domain, in  1.559 seconds
Domain Reload Profiling: 2137ms
	BeginReloadAssembly (201ms)
		ExecutionOrderSort (0ms)
		DisableScriptedObjects (6ms)
		BackupInstance (0ms)
		ReleaseScriptingObjects (0ms)
		CreateAndSetChildDomain (46ms)
	RebuildCommonClasses (51ms)
	RebuildNativeTypeToScriptingClass (15ms)
	initialDomainReloadingComplete (46ms)
	LoadAllAssembliesAndSetupDomain (263ms)
		LoadAssemblies (352ms)
		RebuildTransferFunctionScriptingTraits (0ms)
		AnalyzeDomain (21ms)
			TypeCache.Refresh (10ms)
				TypeCache.ScanAssembly (0ms)
			ScanForSourceGeneratedMonoScriptInfo (0ms)
			ResolveRequiredComponents (9ms)
	FinalizeReload (1560ms)
		ReleaseScriptCaches (0ms)
		RebuildScriptCaches (0ms)
		SetupLoadedEditorAssemblies (823ms)
			LogAssemblyErrors (0ms)
			InitializePlatformSupportModulesInManaged (31ms)
			SetLoadedEditorAssemblies (6ms)
			RefreshPlugins (0ms)
			BeforeProcessingInitializeOnLoad (87ms)
			ProcessInitializeOnLoadAttributes (661ms)
			ProcessInitializeOnLoadMethodAttributes (27ms)
			AfterProcessingInitializeOnLoad (11ms)
			EditorAssembliesLoaded (0ms)
		ExecutionOrderSort2 (0ms)
		AwakeInstancesAfterBackupRestoration (13ms)
Refreshing native plugins compatible for Editor in 5.20 ms, found 3 plugins.
Preloading 0 native plugins for Editor in 0.00 ms.
Unloading 3453 Unused Serialized files (Serialized files now loaded: 0)
Unloading 15 unused Assets / (99.8 KB). Loaded Objects now: 4122.
Memory consumption went from 133.5 MB to 133.4 MB.
Total: 4.888800 ms (FindLiveObjects: 0.355500 ms CreateObjectMapping: 0.246900 ms MarkObjects: 4.203400 ms  DeleteObjects: 0.081600 ms)

Prepare: number of updated asset objects reloaded= 0
AssetImportParameters requested are different than current active one (requested -> active):
  custom:container-demuxer-ogg: 62fdf1f143b41e24485cea50d1cbac27 -> 
  custom:video-decoder-ogg-theora: a1e56fd34408186e4bbccfd4996cb3dc -> 
  custom:framework-win-MediaFoundation: 216162199b28c13a410421893ffa2e32 -> 
  custom:scripting/monoscript/fileName/HealPickup.cs: 71876bf87905af9fc6eaaa92ce9f9cc1 -> 
  custom:CustomObjectIndexerAttribute: 9a22284fe3817be447336de3de66b15e -> 
  custom:container-demuxer-webm: 4f35f7cbe854078d1ac9338744f61a02 -> 
  custom:container-muxer-webm: aa71ff27fc2769a1b78a27578f13a17b -> 
  custom:video-decoder-webm-vp8: 9c59270c3fd7afecdb556c50c9e8de78 -> 
  custom:SearchIndexIgnoredProperties: e643bd26f0fe6173181afceb89e7c659 -> 
  custom:AudioImporter_EditorPlatform: d09bf68614088b80899f8185d706f6e7 -> 
  custom:video-encoder-webm-vp8: eb34c28f22e8b96e1ab97ce403110664 -> 
  custom:audio-decoder-ogg-vorbis: bf7c407c2cedff20999df2af8eb42d56 -> 
  custom:audio-encoder-webm-vorbis: bf7c407c2cedff20999df2af8eb42d56 -> 
  custom:scripting/precompiled-assembly-types:Assembly-CSharp: 0bba5674f77d92ad328955e8a722c46c -> a9a1178b2d54efcd4a4866cd6fa1f88e
========================================================================
Received Import Request.
  Time since last request: 56.758938 seconds.
  path: Assets/Virus 1/Virus 5 b animated 2.prefab
  artifactKey: Guid(da5fd7734a4fb694ea68435301636a90) Importer(815301076,1909f56bfc062723c751e8b465ee728b)
Start importing Assets/Virus 1/Virus 5 b animated 2.prefab using Guid(da5fd7734a4fb694ea68435301636a90) Importer(815301076,1909f56bfc062723c751e8b465ee728b) [PhysX] Initialized MultithreadedTaskDispatcher with 12 workers.
[PhysX] Initialized MultithreadedTaskDispatcher with 12 workers.
 -> (artifact id: '33afaae9add6959c9b437baa9e406c82') in 0.100709 seconds
Number of updated asset objects reloaded before import = 0
Number of asset objects unloaded after import = 121
========================================================================
Received Prepare
Caller must complete domain reload
Begin MonoManager ReloadAssembly
- Loaded All Assemblies, in  0.589 seconds
Native extension for WindowsStandalone target not found
Native extension for Android target not found
Mono: successfully reloaded assembly
- Finished resetting the current domain, in  1.716 seconds
Domain Reload Profiling: 2301ms
	BeginReloadAssembly (220ms)
		ExecutionOrderSort (0ms)
		DisableScriptedObjects (7ms)
		BackupInstance (0ms)
		ReleaseScriptingObjects (0ms)
		CreateAndSetChildDomain (49ms)
	RebuildCommonClasses (43ms)
	RebuildNativeTypeToScriptingClass (15ms)
	initialDomainReloadingComplete (39ms)
	LoadAllAssembliesAndSetupDomain (267ms)
		LoadAssemblies (369ms)
		RebuildTransferFunctionScriptingTraits (0ms)
		AnalyzeDomain (20ms)
			TypeCache.Refresh (8ms)
				TypeCache.ScanAssembly (0ms)
			ScanForSourceGeneratedMonoScriptInfo (0ms)
			ResolveRequiredComponents (11ms)
	FinalizeReload (1717ms)
		ReleaseScriptCaches (0ms)
		RebuildScriptCaches (0ms)
		SetupLoadedEditorAssemblies (950ms)
			LogAssemblyErrors (0ms)
			InitializePlatformSupportModulesInManaged (40ms)
			SetLoadedEditorAssemblies (7ms)
			RefreshPlugins (0ms)
			BeforeProcessingInitializeOnLoad (113ms)
			ProcessInitializeOnLoadAttributes (746ms)
			ProcessInitializeOnLoadMethodAttributes (32ms)
			AfterProcessingInitializeOnLoad (12ms)
			EditorAssembliesLoaded (0ms)
		ExecutionOrderSort2 (0ms)
		AwakeInstancesAfterBackupRestoration (17ms)
Refreshing native plugins compatible for Editor in 5.22 ms, found 3 plugins.
Preloading 0 native plugins for Editor in 0.00 ms.
Unloading 3453 Unused Serialized files (Serialized files now loaded: 0)
Unloading 15 unused Assets / (99.7 KB). Loaded Objects now: 4138.
Memory consumption went from 133.5 MB to 133.4 MB.
Total: 5.404900 ms (FindLiveObjects: 0.379800 ms CreateObjectMapping: 0.329400 ms MarkObjects: 4.616400 ms  DeleteObjects: 0.078000 ms)

Prepare: number of updated asset objects reloaded= 0
AssetImportParameters requested are different than current active one (requested -> active):
  custom:container-demuxer-ogg: 62fdf1f143b41e24485cea50d1cbac27 -> 
  custom:video-decoder-ogg-theora: a1e56fd34408186e4bbccfd4996cb3dc -> 
  custom:framework-win-MediaFoundation: 216162199b28c13a410421893ffa2e32 -> 
  custom:scripting/monoscript/fileName/HealPickup.cs: 71876bf87905af9fc6eaaa92ce9f9cc1 -> 
  custom:CustomObjectIndexerAttribute: 9a22284fe3817be447336de3de66b15e -> 
  custom:container-demuxer-webm: 4f35f7cbe854078d1ac9338744f61a02 -> 
  custom:container-muxer-webm: aa71ff27fc2769a1b78a27578f13a17b -> 
  custom:video-decoder-webm-vp8: 9c59270c3fd7afecdb556c50c9e8de78 -> 
  custom:SearchIndexIgnoredProperties: e643bd26f0fe6173181afceb89e7c659 -> 
  custom:AudioImporter_EditorPlatform: d09bf68614088b80899f8185d706f6e7 -> 
  custom:video-encoder-webm-vp8: eb34c28f22e8b96e1ab97ce403110664 -> 
  custom:audio-decoder-ogg-vorbis: bf7c407c2cedff20999df2af8eb42d56 -> 
  custom:audio-encoder-webm-vorbis: bf7c407c2cedff20999df2af8eb42d56 -> 
  custom:scripting/precompiled-assembly-types:Assembly-CSharp: 0bba5674f77d92ad328955e8a722c46c -> a9a1178b2d54efcd4a4866cd6fa1f88e
========================================================================
Received Import Request.
  Time since last request: 96.760737 seconds.
  path: Assets/Prefabs/Heal.prefab
  artifactKey: Guid(98b0bac3a79a59e4b90b32ced64842ae) Importer(815301076,1909f56bfc062723c751e8b465ee728b)
Start importing Assets/Prefabs/Heal.prefab using Guid(98b0bac3a79a59e4b90b32ced64842ae) Importer(815301076,1909f56bfc062723c751e8b465ee728b) [PhysX] Initialized MultithreadedTaskDispatcher with 12 workers.
[PhysX] Initialized MultithreadedTaskDispatcher with 12 workers.
 -> (artifact id: '63cdf86513f6f36dc0f7a8a8b850a5a3') in 0.084265 seconds
Number of updated asset objects reloaded before import = 0
Number of asset objects unloaded after import = 15
========================================================================
Received Prepare
Caller must complete domain reload
Begin MonoManager ReloadAssembly
- Loaded All Assemblies, in  0.566 seconds
Native extension for WindowsStandalone target not found
Native extension for Android target not found
Mono: successfully reloaded assembly
- Finished resetting the current domain, in  1.721 seconds
Domain Reload Profiling: 2284ms
	BeginReloadAssembly (198ms)
		ExecutionOrderSort (0ms)
		DisableScriptedObjects (7ms)
		BackupInstance (0ms)
		ReleaseScriptingObjects (0ms)
		CreateAndSetChildDomain (40ms)
	RebuildCommonClasses (42ms)
	RebuildNativeTypeToScriptingClass (15ms)
	initialDomainReloadingComplete (44ms)
	LoadAllAssembliesAndSetupDomain (263ms)
		LoadAssemblies (356ms)
		RebuildTransferFunctionScriptingTraits (0ms)
		AnalyzeDomain (22ms)
			TypeCache.Refresh (7ms)
				TypeCache.ScanAssembly (0ms)
			ScanForSourceGeneratedMonoScriptInfo (0ms)
			ResolveRequiredComponents (13ms)
	FinalizeReload (1722ms)
		ReleaseScriptCaches (0ms)
		RebuildScriptCaches (0ms)
		SetupLoadedEditorAssemblies (974ms)
			LogAssemblyErrors (0ms)
			InitializePlatformSupportModulesInManaged (47ms)
			SetLoadedEditorAssemblies (9ms)
			RefreshPlugins (0ms)
			BeforeProcessingInitializeOnLoad (103ms)
			ProcessInitializeOnLoadAttributes (767ms)
			ProcessInitializeOnLoadMethodAttributes (34ms)
			AfterProcessingInitializeOnLoad (13ms)
			EditorAssembliesLoaded (0ms)
		ExecutionOrderSort2 (0ms)
		AwakeInstancesAfterBackupRestoration (31ms)
Refreshing native plugins compatible for Editor in 5.57 ms, found 3 plugins.
Preloading 0 native plugins for Editor in 0.00 ms.
Unloading 3453 Unused Serialized files (Serialized files now loaded: 0)
Unloading 15 unused Assets / (99.8 KB). Loaded Objects now: 4154.
Memory consumption went from 133.5 MB to 133.4 MB.
Total: 6.018200 ms (FindLiveObjects: 0.431400 ms CreateObjectMapping: 0.321200 ms MarkObjects: 5.163700 ms  DeleteObjects: 0.100900 ms)

Prepare: number of updated asset objects reloaded= 0
AssetImportParameters requested are different than current active one (requested -> active):
  custom:container-demuxer-ogg: 62fdf1f143b41e24485cea50d1cbac27 -> 
  custom:video-decoder-ogg-theora: a1e56fd34408186e4bbccfd4996cb3dc -> 
  custom:framework-win-MediaFoundation: 216162199b28c13a410421893ffa2e32 -> 
  custom:scripting/monoscript/fileName/HealPickup.cs: 71876bf87905af9fc6eaaa92ce9f9cc1 -> 
  custom:CustomObjectIndexerAttribute: 9a22284fe3817be447336de3de66b15e -> 
  custom:container-demuxer-webm: 4f35f7cbe854078d1ac9338744f61a02 -> 
  custom:container-muxer-webm: aa71ff27fc2769a1b78a27578f13a17b -> 
  custom:video-decoder-webm-vp8: 9c59270c3fd7afecdb556c50c9e8de78 -> 
  custom:SearchIndexIgnoredProperties: e643bd26f0fe6173181afceb89e7c659 -> 
  custom:AudioImporter_EditorPlatform: d09bf68614088b80899f8185d706f6e7 -> 
  custom:video-encoder-webm-vp8: eb34c28f22e8b96e1ab97ce403110664 -> 
  custom:audio-decoder-ogg-vorbis: bf7c407c2cedff20999df2af8eb42d56 -> 
  custom:audio-encoder-webm-vorbis: bf7c407c2cedff20999df2af8eb42d56 -> 
  custom:scripting/precompiled-assembly-types:Assembly-CSharp: 0bba5674f77d92ad328955e8a722c46c -> a9a1178b2d54efcd4a4866cd6fa1f88e
========================================================================
Received Prepare
Caller must complete domain reload
Begin MonoManager ReloadAssembly
- Loaded All Assemblies, in  0.681 seconds
Native extension for WindowsStandalone target not found
Native extension for Android target not found
Mono: successfully reloaded assembly
- Finished resetting the current domain, in  1.833 seconds
Domain Reload Profiling: 2510ms
	BeginReloadAssembly (271ms)
		ExecutionOrderSort (0ms)
		DisableScriptedObjects (7ms)
		BackupInstance (0ms)
		ReleaseScriptingObjects (0ms)
		CreateAndSetChildDomain (38ms)
	RebuildCommonClasses (61ms)
	RebuildNativeTypeToScriptingClass (23ms)
	initialDomainReloadingComplete (45ms)
	LoadAllAssembliesAndSetupDomain (276ms)
		LoadAssemblies (447ms)
		RebuildTransferFunctionScriptingTraits (0ms)
		AnalyzeDomain (18ms)
			TypeCache.Refresh (7ms)
				TypeCache.ScanAssembly (0ms)
			ScanForSourceGeneratedMonoScriptInfo (0ms)
			ResolveRequiredComponents (9ms)
	FinalizeReload (1834ms)
		ReleaseScriptCaches (0ms)
		RebuildScriptCaches (0ms)
		SetupLoadedEditorAssemblies (1014ms)
			LogAssemblyErrors (0ms)
			InitializePlatformSupportModulesInManaged (36ms)
			SetLoadedEditorAssemblies (6ms)
			RefreshPlugins (0ms)
			BeforeProcessingInitializeOnLoad (103ms)
			ProcessInitializeOnLoadAttributes (813ms)
			ProcessInitializeOnLoadMethodAttributes (37ms)
			AfterProcessingInitializeOnLoad (19ms)
			EditorAssembliesLoaded (0ms)
		ExecutionOrderSort2 (0ms)
		AwakeInstancesAfterBackupRestoration (18ms)
Refreshing native plugins compatible for Editor in 6.00 ms, found 3 plugins.
Preloading 0 native plugins for Editor in 0.00 ms.
Unloading 3454 Unused Serialized files (Serialized files now loaded: 0)
Unloading 15 unused Assets / (99.8 KB). Loaded Objects now: 4170.
Memory consumption went from 133.8 MB to 133.7 MB.
Total: 5.377900 ms (FindLiveObjects: 0.412300 ms CreateObjectMapping: 0.334700 ms MarkObjects: 4.553500 ms  DeleteObjects: 0.075700 ms)

Prepare: number of updated asset objects reloaded= 0
AssetImportParameters requested are different than current active one (requested -> active):
  custom:container-demuxer-ogg: 62fdf1f143b41e24485cea50d1cbac27 -> 
  custom:video-decoder-ogg-theora: a1e56fd34408186e4bbccfd4996cb3dc -> 
  custom:framework-win-MediaFoundation: 216162199b28c13a410421893ffa2e32 -> 
  custom:scripting/monoscript/fileName/HealPickup.cs: 71876bf87905af9fc6eaaa92ce9f9cc1 -> 
  custom:CustomObjectIndexerAttribute: 9a22284fe3817be447336de3de66b15e -> 
  custom:container-demuxer-webm: 4f35f7cbe854078d1ac9338744f61a02 -> 
  custom:container-muxer-webm: aa71ff27fc2769a1b78a27578f13a17b -> 
  custom:video-decoder-webm-vp8: 9c59270c3fd7afecdb556c50c9e8de78 -> 
  custom:SearchIndexIgnoredProperties: e643bd26f0fe6173181afceb89e7c659 -> 
  custom:AudioImporter_EditorPlatform: d09bf68614088b80899f8185d706f6e7 -> 
  custom:video-encoder-webm-vp8: eb34c28f22e8b96e1ab97ce403110664 -> 
  custom:audio-decoder-ogg-vorbis: bf7c407c2cedff20999df2af8eb42d56 -> 
  custom:audio-encoder-webm-vorbis: bf7c407c2cedff20999df2af8eb42d56 -> 
  custom:scripting/precompiled-assembly-types:Assembly-CSharp: 0bba5674f77d92ad328955e8a722c46c -> a9a1178b2d54efcd4a4866cd6fa1f88e
========================================================================
Received Import Request.
  Time since last request: 198.493017 seconds.
  path: Assets/Virus 1/Virus 5 b animated 2.prefab
  artifactKey: Guid(da5fd7734a4fb694ea68435301636a90) Importer(815301076,1909f56bfc062723c751e8b465ee728b)
Start importing Assets/Virus 1/Virus 5 b animated 2.prefab using Guid(da5fd7734a4fb694ea68435301636a90) Importer(815301076,1909f56bfc062723c751e8b465ee728b) [PhysX] Initialized MultithreadedTaskDispatcher with 12 workers.
[PhysX] Initialized MultithreadedTaskDispatcher with 12 workers.
 -> (artifact id: 'dd2b354339998d40bc62c41fbc639f26') in 0.204889 seconds
Number of updated asset objects reloaded before import = 0
Number of asset objects unloaded after import = 122
========================================================================
Received Import Request.
  Time since last request: 13.456347 seconds.
  path: Assets/Virus 1/Virus 5 b animated 2.prefab
  artifactKey: Guid(da5fd7734a4fb694ea68435301636a90) Importer(815301076,1909f56bfc062723c751e8b465ee728b)
Start importing Assets/Virus 1/Virus 5 b animated 2.prefab using Guid(da5fd7734a4fb694ea68435301636a90) Importer(815301076,1909f56bfc062723c751e8b465ee728b) [PhysX] Initialized MultithreadedTaskDispatcher with 12 workers.
[PhysX] Initialized MultithreadedTaskDispatcher with 12 workers.
 -> (artifact id: '2c5ee1acca472d98d37d4b26d0295a40') in 0.030481 seconds
Number of updated asset objects reloaded before import = 0
Number of asset objects unloaded after import = 122
========================================================================
Received Prepare
Caller must complete domain reload
Begin MonoManager ReloadAssembly
- Loaded All Assemblies, in  0.611 seconds
Native extension for WindowsStandalone target not found
Native extension for Android target not found
Mono: successfully reloaded assembly
- Finished resetting the current domain, in  1.970 seconds
Domain Reload Profiling: 2576ms
	BeginReloadAssembly (211ms)
		ExecutionOrderSort (0ms)
		DisableScriptedObjects (9ms)
		BackupInstance (0ms)
		ReleaseScriptingObjects (0ms)
		CreateAndSetChildDomain (44ms)
	RebuildCommonClasses (44ms)
	RebuildNativeTypeToScriptingClass (15ms)
	initialDomainReloadingComplete (45ms)
	LoadAllAssembliesAndSetupDomain (289ms)
		LoadAssemblies (384ms)
		RebuildTransferFunctionScriptingTraits (0ms)
		AnalyzeDomain (24ms)
			TypeCache.Refresh (10ms)
				TypeCache.ScanAssembly (0ms)
			ScanForSourceGeneratedMonoScriptInfo (0ms)
			ResolveRequiredComponents (12ms)
	FinalizeReload (1970ms)
		ReleaseScriptCaches (0ms)
		RebuildScriptCaches (0ms)
		SetupLoadedEditorAssemblies (1119ms)
			LogAssemblyErrors (0ms)
			InitializePlatformSupportModulesInManaged (40ms)
			SetLoadedEditorAssemblies (7ms)
			RefreshPlugins (0ms)
			BeforeProcessingInitializeOnLoad (107ms)
			ProcessInitializeOnLoadAttributes (912ms)
			ProcessInitializeOnLoadMethodAttributes (39ms)
			AfterProcessingInitializeOnLoad (14ms)
			EditorAssembliesLoaded (0ms)
		ExecutionOrderSort2 (0ms)
		AwakeInstancesAfterBackupRestoration (18ms)
Refreshing native plugins compatible for Editor in 6.14 ms, found 3 plugins.
Preloading 0 native plugins for Editor in 0.00 ms.
Unloading 3453 Unused Serialized files (Serialized files now loaded: 0)
Unloading 15 unused Assets / (99.8 KB). Loaded Objects now: 4186.
Memory consumption went from 133.5 MB to 133.4 MB.
Total: 6.465500 ms (FindLiveObjects: 0.420100 ms CreateObjectMapping: 0.320900 ms MarkObjects: 5.647100 ms  DeleteObjects: 0.075900 ms)

Prepare: number of updated asset objects reloaded= 0
AssetImportParameters requested are different than current active one (requested -> active):
  custom:container-demuxer-ogg: 62fdf1f143b41e24485cea50d1cbac27 -> 
  custom:video-decoder-ogg-theora: a1e56fd34408186e4bbccfd4996cb3dc -> 
  custom:framework-win-MediaFoundation: 216162199b28c13a410421893ffa2e32 -> 
  custom:scripting/monoscript/fileName/HealPickup.cs: 71876bf87905af9fc6eaaa92ce9f9cc1 -> 
  custom:CustomObjectIndexerAttribute: 9a22284fe3817be447336de3de66b15e -> 
  custom:container-demuxer-webm: 4f35f7cbe854078d1ac9338744f61a02 -> 
  custom:container-muxer-webm: aa71ff27fc2769a1b78a27578f13a17b -> 
  custom:video-decoder-webm-vp8: 9c59270c3fd7afecdb556c50c9e8de78 -> 
  custom:SearchIndexIgnoredProperties: e643bd26f0fe6173181afceb89e7c659 -> 
  custom:AudioImporter_EditorPlatform: d09bf68614088b80899f8185d706f6e7 -> 
  custom:video-encoder-webm-vp8: eb34c28f22e8b96e1ab97ce403110664 -> 
  custom:audio-decoder-ogg-vorbis: bf7c407c2cedff20999df2af8eb42d56 -> 
  custom:audio-encoder-webm-vorbis: bf7c407c2cedff20999df2af8eb42d56 -> 
  custom:scripting/precompiled-assembly-types:Assembly-CSharp: 0bba5674f77d92ad328955e8a722c46c -> a9a1178b2d54efcd4a4866cd6fa1f88e
========================================================================
Received Import Request.
  Time since last request: 68.458314 seconds.
  path: Assets/Virus 1/Virus 5 b animated 2.prefab
  artifactKey: Guid(da5fd7734a4fb694ea68435301636a90) Importer(815301076,1909f56bfc062723c751e8b465ee728b)
Start importing Assets/Virus 1/Virus 5 b animated 2.prefab using Guid(da5fd7734a4fb694ea68435301636a90) Importer(815301076,1909f56bfc062723c751e8b465ee728b) [PhysX] Initialized MultithreadedTaskDispatcher with 12 workers.
[PhysX] Initialized MultithreadedTaskDispatcher with 12 workers.
 -> (artifact id: 'd857c493fdb1aadc96cfc6a0848bb981') in 0.103758 seconds
Number of updated asset objects reloaded before import = 0
Number of asset objects unloaded after import = 122
========================================================================
Received Prepare
Caller must complete domain reload
Begin MonoManager ReloadAssembly
- Loaded All Assemblies, in  0.753 seconds
Native extension for WindowsStandalone target not found
Native extension for Android target not found
Mono: successfully reloaded assembly
- Finished resetting the current domain, in  1.957 seconds
Domain Reload Profiling: 2705ms
	BeginReloadAssembly (252ms)
		ExecutionOrderSort (0ms)
		DisableScriptedObjects (7ms)
		BackupInstance (0ms)
		ReleaseScriptingObjects (0ms)
		CreateAndSetChildDomain (43ms)
	RebuildCommonClasses (63ms)
	RebuildNativeTypeToScriptingClass (17ms)
	initialDomainReloadingComplete (45ms)
	LoadAllAssembliesAndSetupDomain (371ms)
		LoadAssemblies (504ms)
		RebuildTransferFunctionScriptingTraits (0ms)
		AnalyzeDomain (31ms)
			TypeCache.Refresh (13ms)
				TypeCache.ScanAssembly (0ms)
			ScanForSourceGeneratedMonoScriptInfo (0ms)
			ResolveRequiredComponents (15ms)
	FinalizeReload (1958ms)
		ReleaseScriptCaches (0ms)
		RebuildScriptCaches (0ms)
		SetupLoadedEditorAssemblies (1063ms)
			LogAssemblyErrors (0ms)
			InitializePlatformSupportModulesInManaged (36ms)
			SetLoadedEditorAssemblies (7ms)
			RefreshPlugins (0ms)
			BeforeProcessingInitializeOnLoad (104ms)
			ProcessInitializeOnLoadAttributes (866ms)
			ProcessInitializeOnLoadMethodAttributes (35ms)
			AfterProcessingInitializeOnLoad (15ms)
			EditorAssembliesLoaded (0ms)
		ExecutionOrderSort2 (0ms)
		AwakeInstancesAfterBackupRestoration (17ms)
Refreshing native plugins compatible for Editor in 6.42 ms, found 3 plugins.
Preloading 0 native plugins for Editor in 0.00 ms.
Unloading 3453 Unused Serialized files (Serialized files now loaded: 0)
Unloading 15 unused Assets / (99.9 KB). Loaded Objects now: 4202.
Memory consumption went from 133.5 MB to 133.4 MB.
Total: 7.088300 ms (FindLiveObjects: 0.383000 ms CreateObjectMapping: 0.444300 ms MarkObjects: 6.155600 ms  DeleteObjects: 0.104000 ms)

Prepare: number of updated asset objects reloaded= 0
AssetImportParameters requested are different than current active one (requested -> active):
  custom:container-demuxer-ogg: 62fdf1f143b41e24485cea50d1cbac27 -> 
  custom:video-decoder-ogg-theora: a1e56fd34408186e4bbccfd4996cb3dc -> 
  custom:framework-win-MediaFoundation: 216162199b28c13a410421893ffa2e32 -> 
  custom:scripting/monoscript/fileName/HealPickup.cs: 71876bf87905af9fc6eaaa92ce9f9cc1 -> 
  custom:CustomObjectIndexerAttribute: 9a22284fe3817be447336de3de66b15e -> 
  custom:container-demuxer-webm: 4f35f7cbe854078d1ac9338744f61a02 -> 
  custom:container-muxer-webm: aa71ff27fc2769a1b78a27578f13a17b -> 
  custom:video-decoder-webm-vp8: 9c59270c3fd7afecdb556c50c9e8de78 -> 
  custom:SearchIndexIgnoredProperties: e643bd26f0fe6173181afceb89e7c659 -> 
  custom:AudioImporter_EditorPlatform: d09bf68614088b80899f8185d706f6e7 -> 
  custom:video-encoder-webm-vp8: eb34c28f22e8b96e1ab97ce403110664 -> 
  custom:audio-decoder-ogg-vorbis: bf7c407c2cedff20999df2af8eb42d56 -> 
  custom:audio-encoder-webm-vorbis: bf7c407c2cedff20999df2af8eb42d56 -> 
  custom:scripting/precompiled-assembly-types:Assembly-CSharp: 0bba5674f77d92ad328955e8a722c46c -> a9a1178b2d54efcd4a4866cd6fa1f88e
========================================================================
Received Import Request.
  Time since last request: 219.612454 seconds.
  path: Assets/Virus 1/Virus 5 b animated 2.prefab
  artifactKey: Guid(da5fd7734a4fb694ea68435301636a90) Importer(815301076,1909f56bfc062723c751e8b465ee728b)
Start importing Assets/Virus 1/Virus 5 b animated 2.prefab using Guid(da5fd7734a4fb694ea68435301636a90) Importer(815301076,1909f56bfc062723c751e8b465ee728b) [PhysX] Initialized MultithreadedTaskDispatcher with 12 workers.
[PhysX] Initialized MultithreadedTaskDispatcher with 12 workers.
 -> (artifact id: '2b0344d468c48238b757e2985903e0e8') in 0.127162 seconds
Number of updated asset objects reloaded before import = 0
Number of asset objects unloaded after import = 122
========================================================================
Received Prepare
Caller must complete domain reload
Begin MonoManager ReloadAssembly
- Loaded All Assemblies, in  0.617 seconds
Native extension for WindowsStandalone target not found
Native extension for Android target not found
Mono: successfully reloaded assembly
- Finished resetting the current domain, in  1.709 seconds
Domain Reload Profiling: 2322ms
	BeginReloadAssembly (228ms)
		ExecutionOrderSort (0ms)
		DisableScriptedObjects (6ms)
		BackupInstance (0ms)
		ReleaseScriptingObjects (0ms)
		CreateAndSetChildDomain (52ms)
	RebuildCommonClasses (44ms)
	RebuildNativeTypeToScriptingClass (18ms)
	initialDomainReloadingComplete (38ms)
	LoadAllAssembliesAndSetupDomain (283ms)
		LoadAssemblies (384ms)
		RebuildTransferFunctionScriptingTraits (0ms)
		AnalyzeDomain (29ms)
			TypeCache.Refresh (10ms)
				TypeCache.ScanAssembly (0ms)
			ScanForSourceGeneratedMonoScriptInfo (9ms)
			ResolveRequiredComponents (9ms)
	FinalizeReload (1710ms)
		ReleaseScriptCaches (0ms)
		RebuildScriptCaches (0ms)
		SetupLoadedEditorAssemblies (820ms)
			LogAssemblyErrors (0ms)
			InitializePlatformSupportModulesInManaged (30ms)
			SetLoadedEditorAssemblies (7ms)
			RefreshPlugins (0ms)
			BeforeProcessingInitializeOnLoad (89ms)
			ProcessInitializeOnLoadAttributes (654ms)
			ProcessInitializeOnLoadMethodAttributes (30ms)
			AfterProcessingInitializeOnLoad (10ms)
			EditorAssembliesLoaded (0ms)
		ExecutionOrderSort2 (0ms)
		AwakeInstancesAfterBackupRestoration (13ms)
Refreshing native plugins compatible for Editor in 4.27 ms, found 3 plugins.
Preloading 0 native plugins for Editor in 0.00 ms.
Unloading 3453 Unused Serialized files (Serialized files now loaded: 0)
Unloading 15 unused Assets / (99.8 KB). Loaded Objects now: 4218.
Memory consumption went from 133.5 MB to 133.4 MB.
Total: 4.286200 ms (FindLiveObjects: 0.328400 ms CreateObjectMapping: 0.258300 ms MarkObjects: 3.639700 ms  DeleteObjects: 0.058700 ms)

Prepare: number of updated asset objects reloaded= 0
AssetImportParameters requested are different than current active one (requested -> active):
  custom:container-demuxer-ogg: 62fdf1f143b41e24485cea50d1cbac27 -> 
  custom:video-decoder-ogg-theora: a1e56fd34408186e4bbccfd4996cb3dc -> 
  custom:framework-win-MediaFoundation: 216162199b28c13a410421893ffa2e32 -> 
  custom:scripting/monoscript/fileName/HealPickup.cs: 71876bf87905af9fc6eaaa92ce9f9cc1 -> 
  custom:CustomObjectIndexerAttribute: 9a22284fe3817be447336de3de66b15e -> 
  custom:container-demuxer-webm: 4f35f7cbe854078d1ac9338744f61a02 -> 
  custom:container-muxer-webm: aa71ff27fc2769a1b78a27578f13a17b -> 
  custom:video-decoder-webm-vp8: 9c59270c3fd7afecdb556c50c9e8de78 -> 
  custom:SearchIndexIgnoredProperties: e643bd26f0fe6173181afceb89e7c659 -> 
  custom:AudioImporter_EditorPlatform: d09bf68614088b80899f8185d706f6e7 -> 
  custom:video-encoder-webm-vp8: eb34c28f22e8b96e1ab97ce403110664 -> 
  custom:audio-decoder-ogg-vorbis: bf7c407c2cedff20999df2af8eb42d56 -> 
  custom:audio-encoder-webm-vorbis: bf7c407c2cedff20999df2af8eb42d56 -> 
  custom:scripting/precompiled-assembly-types:Assembly-CSharp: 0bba5674f77d92ad328955e8a722c46c -> a9a1178b2d54efcd4a4866cd6fa1f88e
========================================================================
Received Prepare
Caller must complete domain reload
Begin MonoManager ReloadAssembly
- Loaded All Assemblies, in  0.571 seconds
Native extension for WindowsStandalone target not found
Native extension for Android target not found
Mono: successfully reloaded assembly
- Finished resetting the current domain, in  1.578 seconds
Domain Reload Profiling: 2145ms
	BeginReloadAssembly (199ms)
		ExecutionOrderSort (0ms)
		DisableScriptedObjects (9ms)
		BackupInstance (0ms)
		ReleaseScriptingObjects (0ms)
		CreateAndSetChildDomain (38ms)
	RebuildCommonClasses (43ms)
	RebuildNativeTypeToScriptingClass (15ms)
	initialDomainReloadingComplete (45ms)
	LoadAllAssembliesAndSetupDomain (264ms)
		LoadAssemblies (362ms)
		RebuildTransferFunctionScriptingTraits (0ms)
		AnalyzeDomain (18ms)
			TypeCache.Refresh (7ms)
				TypeCache.ScanAssembly (0ms)
			ScanForSourceGeneratedMonoScriptInfo (0ms)
			ResolveRequiredComponents (9ms)
	FinalizeReload (1579ms)
		ReleaseScriptCaches (0ms)
		RebuildScriptCaches (0ms)
		SetupLoadedEditorAssemblies (858ms)
			LogAssemblyErrors (0ms)
			InitializePlatformSupportModulesInManaged (31ms)
			SetLoadedEditorAssemblies (8ms)
			RefreshPlugins (0ms)
			BeforeProcessingInitializeOnLoad (89ms)
			ProcessInitializeOnLoadAttributes (687ms)
			ProcessInitializeOnLoadMethodAttributes (27ms)
			AfterProcessingInitializeOnLoad (16ms)
			EditorAssembliesLoaded (0ms)
		ExecutionOrderSort2 (0ms)
		AwakeInstancesAfterBackupRestoration (13ms)
Refreshing native plugins compatible for Editor in 5.54 ms, found 3 plugins.
Preloading 0 native plugins for Editor in 0.00 ms.
Unloading 3454 Unused Serialized files (Serialized files now loaded: 0)
Unloading 15 unused Assets / (99.9 KB). Loaded Objects now: 4234.
Memory consumption went from 133.8 MB to 133.7 MB.
Total: 5.400600 ms (FindLiveObjects: 0.482700 ms CreateObjectMapping: 0.359300 ms MarkObjects: 4.417300 ms  DeleteObjects: 0.139100 ms)

Prepare: number of updated asset objects reloaded= 0
AssetImportParameters requested are different than current active one (requested -> active):
  custom:container-demuxer-ogg: 62fdf1f143b41e24485cea50d1cbac27 -> 
  custom:video-decoder-ogg-theora: a1e56fd34408186e4bbccfd4996cb3dc -> 
  custom:framework-win-MediaFoundation: 216162199b28c13a410421893ffa2e32 -> 
  custom:scripting/monoscript/fileName/HealPickup.cs: 71876bf87905af9fc6eaaa92ce9f9cc1 -> 
  custom:CustomObjectIndexerAttribute: 9a22284fe3817be447336de3de66b15e -> 
  custom:container-demuxer-webm: 4f35f7cbe854078d1ac9338744f61a02 -> 
  custom:container-muxer-webm: aa71ff27fc2769a1b78a27578f13a17b -> 
  custom:video-decoder-webm-vp8: 9c59270c3fd7afecdb556c50c9e8de78 -> 
  custom:SearchIndexIgnoredProperties: e643bd26f0fe6173181afceb89e7c659 -> 
  custom:AudioImporter_EditorPlatform: d09bf68614088b80899f8185d706f6e7 -> 
  custom:video-encoder-webm-vp8: eb34c28f22e8b96e1ab97ce403110664 -> 
  custom:audio-decoder-ogg-vorbis: bf7c407c2cedff20999df2af8eb42d56 -> 
  custom:audio-encoder-webm-vorbis: bf7c407c2cedff20999df2af8eb42d56 -> 
  custom:scripting/precompiled-assembly-types:Assembly-CSharp: 0bba5674f77d92ad328955e8a722c46c -> a9a1178b2d54efcd4a4866cd6fa1f88e
========================================================================
Received Import Request.
  Time since last request: 80.398174 seconds.
  path: Assets/UI/Canvas.prefab
  artifactKey: Guid(7baa107a97e24674ca74b1c1c7d3b24c) Importer(815301076,1909f56bfc062723c751e8b465ee728b)
Start importing Assets/UI/Canvas.prefab using Guid(7baa107a97e24674ca74b1c1c7d3b24c) Importer(815301076,1909f56bfc062723c751e8b465ee728b) [PhysX] Initialized MultithreadedTaskDispatcher with 12 workers.
 -> (artifact id: 'b5330c70386668c97072b5c2c9cd0d6b') in 0.184929 seconds
Number of updated asset objects reloaded before import = 0
Number of asset objects unloaded after import = 108
========================================================================
Received Import Request.
  Time since last request: 3.254453 seconds.
  path: Assets/Player/Player.prefab
  artifactKey: Guid(68f0ffc0a442c8e47b7d0bb5a2e885da) Importer(815301076,1909f56bfc062723c751e8b465ee728b)
Start importing Assets/Player/Player.prefab using Guid(68f0ffc0a442c8e47b7d0bb5a2e885da) Importer(815301076,1909f56bfc062723c751e8b465ee728b) [PhysX] Initialized MultithreadedTaskDispatcher with 12 workers.
[PhysX] Initialized MultithreadedTaskDispatcher with 12 workers.
 -> (artifact id: '010b5c17bcb542b2a9469d52d8ba025f') in 0.156752 seconds
Number of updated asset objects reloaded before import = 0
Number of asset objects unloaded after import = 87
========================================================================
Received Import Request.
  Time since last request: 0.183708 seconds.
  path: Assets/Prefabs/Heal.prefab
  artifactKey: Guid(98b0bac3a79a59e4b90b32ced64842ae) Importer(815301076,1909f56bfc062723c751e8b465ee728b)
Start importing Assets/Prefabs/Heal.prefab using Guid(98b0bac3a79a59e4b90b32ced64842ae) Importer(815301076,1909f56bfc062723c751e8b465ee728b) [PhysX] Initialized MultithreadedTaskDispatcher with 12 workers.
[PhysX] Initialized MultithreadedTaskDispatcher with 12 workers.
 -> (artifact id: '061e4bf14c1f332f0276f6723f7d94a8') in 0.023924 seconds
Number of updated asset objects reloaded before import = 0
Number of asset objects unloaded after import = 15
========================================================================
Received Import Request.
  Time since last request: 22.597426 seconds.
  path: Assets/Prefabs/Heal.prefab
  artifactKey: Guid(98b0bac3a79a59e4b90b32ced64842ae) Importer(815301076,1909f56bfc062723c751e8b465ee728b)
Start importing Assets/Prefabs/Heal.prefab using Guid(98b0bac3a79a59e4b90b32ced64842ae) Importer(815301076,1909f56bfc062723c751e8b465ee728b) [PhysX] Initialized MultithreadedTaskDispatcher with 12 workers.
[PhysX] Initialized MultithreadedTaskDispatcher with 12 workers.
 -> (artifact id: '6d687779036cf13845de0d0ceaabd20a') in 0.009783 seconds
Number of updated asset objects reloaded before import = 0
Number of asset objects unloaded after import = 15
========================================================================
Received Import Request.
  Time since last request: 1.266436 seconds.
  path: Assets/Virus 1/Virus 5 b animated 2.prefab
  artifactKey: Guid(da5fd7734a4fb694ea68435301636a90) Importer(815301076,1909f56bfc062723c751e8b465ee728b)
Start importing Assets/Virus 1/Virus 5 b animated 2.prefab using Guid(da5fd7734a4fb694ea68435301636a90) Importer(815301076,1909f56bfc062723c751e8b465ee728b) [PhysX] Initialized MultithreadedTaskDispatcher with 12 workers.
[PhysX] Initialized MultithreadedTaskDispatcher with 12 workers.
 -> (artifact id: 'd13de2860eff09aaafc8de561ab7f963') in 0.060075 seconds
Number of updated asset objects reloaded before import = 0
Number of asset objects unloaded after import = 122
========================================================================
Received Prepare
Caller must complete domain reload
Begin MonoManager ReloadAssembly
- Loaded All Assemblies, in  0.576 seconds
Native extension for WindowsStandalone target not found
Native extension for Android target not found
Mono: successfully reloaded assembly
- Finished resetting the current domain, in  1.680 seconds
Domain Reload Profiling: 2252ms
	BeginReloadAssembly (205ms)
		ExecutionOrderSort (0ms)
		DisableScriptedObjects (6ms)
		BackupInstance (0ms)
		ReleaseScriptingObjects (0ms)
		CreateAndSetChildDomain (42ms)
	RebuildCommonClasses (50ms)
	RebuildNativeTypeToScriptingClass (20ms)
	initialDomainReloadingComplete (39ms)
	LoadAllAssembliesAndSetupDomain (259ms)
		LoadAssemblies (361ms)
		RebuildTransferFunctionScriptingTraits (0ms)
		AnalyzeDomain (17ms)
			TypeCache.Refresh (6ms)
				TypeCache.ScanAssembly (0ms)
			ScanForSourceGeneratedMonoScriptInfo (0ms)
			ResolveRequiredComponents (9ms)
	FinalizeReload (1681ms)
		ReleaseScriptCaches (0ms)
		RebuildScriptCaches (0ms)
		SetupLoadedEditorAssemblies (933ms)
			LogAssemblyErrors (0ms)
			InitializePlatformSupportModulesInManaged (31ms)
			SetLoadedEditorAssemblies (7ms)
			RefreshPlugins (0ms)
			BeforeProcessingInitializeOnLoad (94ms)
			ProcessInitializeOnLoadAttributes (755ms)
			ProcessInitializeOnLoadMethodAttributes (32ms)
			AfterProcessingInitializeOnLoad (14ms)
			EditorAssembliesLoaded (0ms)
		ExecutionOrderSort2 (0ms)
		AwakeInstancesAfterBackupRestoration (16ms)
Refreshing native plugins compatible for Editor in 5.79 ms, found 3 plugins.
Preloading 0 native plugins for Editor in 0.00 ms.
Unloading 3453 Unused Serialized files (Serialized files now loaded: 0)
Unloading 17 unused Assets / (101.3 KB). Loaded Objects now: 4250.
Memory consumption went from 133.6 MB to 133.5 MB.
Total: 5.304600 ms (FindLiveObjects: 0.363900 ms CreateObjectMapping: 0.269200 ms MarkObjects: 4.585900 ms  DeleteObjects: 0.084200 ms)

Prepare: number of updated asset objects reloaded= 0
AssetImportParameters requested are different than current active one (requested -> active):
  custom:container-demuxer-ogg: 62fdf1f143b41e24485cea50d1cbac27 -> 
  custom:video-decoder-ogg-theora: a1e56fd34408186e4bbccfd4996cb3dc -> 
  custom:framework-win-MediaFoundation: 216162199b28c13a410421893ffa2e32 -> 
  custom:scripting/monoscript/fileName/HealPickup.cs: 71876bf87905af9fc6eaaa92ce9f9cc1 -> 
  custom:CustomObjectIndexerAttribute: 9a22284fe3817be447336de3de66b15e -> 
  custom:container-demuxer-webm: 4f35f7cbe854078d1ac9338744f61a02 -> 
  custom:container-muxer-webm: aa71ff27fc2769a1b78a27578f13a17b -> 
  custom:video-decoder-webm-vp8: 9c59270c3fd7afecdb556c50c9e8de78 -> 
  custom:SearchIndexIgnoredProperties: e643bd26f0fe6173181afceb89e7c659 -> 
  custom:AudioImporter_EditorPlatform: d09bf68614088b80899f8185d706f6e7 -> 
  custom:video-encoder-webm-vp8: eb34c28f22e8b96e1ab97ce403110664 -> 
  custom:audio-decoder-ogg-vorbis: bf7c407c2cedff20999df2af8eb42d56 -> 
  custom:audio-encoder-webm-vorbis: bf7c407c2cedff20999df2af8eb42d56 -> 
  custom:scripting/precompiled-assembly-types:Assembly-CSharp: 0bba5674f77d92ad328955e8a722c46c -> a9a1178b2d54efcd4a4866cd6fa1f88e
========================================================================
Received Prepare
Caller must complete domain reload
Begin MonoManager ReloadAssembly
- Loaded All Assemblies, in  0.569 seconds
Native extension for WindowsStandalone target not found
Native extension for Android target not found
Mono: successfully reloaded assembly
- Finished resetting the current domain, in  1.771 seconds
Domain Reload Profiling: 2336ms
	BeginReloadAssembly (197ms)
		ExecutionOrderSort (0ms)
		DisableScriptedObjects (7ms)
		BackupInstance (0ms)
		ReleaseScriptingObjects (0ms)
		CreateAndSetChildDomain (37ms)
	RebuildCommonClasses (50ms)
	RebuildNativeTypeToScriptingClass (15ms)
	initialDomainReloadingComplete (39ms)
	LoadAllAssembliesAndSetupDomain (263ms)
		LoadAssemblies (360ms)
		RebuildTransferFunctionScriptingTraits (0ms)
		AnalyzeDomain (19ms)
			TypeCache.Refresh (8ms)
				TypeCache.ScanAssembly (0ms)
			ScanForSourceGeneratedMonoScriptInfo (0ms)
			ResolveRequiredComponents (9ms)
	FinalizeReload (1771ms)
		ReleaseScriptCaches (0ms)
		RebuildScriptCaches (0ms)
		SetupLoadedEditorAssemblies (934ms)
			LogAssemblyErrors (0ms)
			InitializePlatformSupportModulesInManaged (34ms)
			SetLoadedEditorAssemblies (6ms)
			RefreshPlugins (0ms)
			BeforeProcessingInitializeOnLoad (105ms)
			ProcessInitializeOnLoadAttributes (743ms)
			ProcessInitializeOnLoadMethodAttributes (31ms)
			AfterProcessingInitializeOnLoad (13ms)
			EditorAssembliesLoaded (0ms)
		ExecutionOrderSort2 (0ms)
		AwakeInstancesAfterBackupRestoration (14ms)
Refreshing native plugins compatible for Editor in 5.92 ms, found 3 plugins.
Preloading 0 native plugins for Editor in 0.00 ms.
Unloading 3454 Unused Serialized files (Serialized files now loaded: 0)
Unloading 15 unused Assets / (99.9 KB). Loaded Objects now: 4266.
Memory consumption went from 133.9 MB to 133.8 MB.
Total: 5.567900 ms (FindLiveObjects: 0.468100 ms CreateObjectMapping: 0.377500 ms MarkObjects: 4.649200 ms  DeleteObjects: 0.072200 ms)

Prepare: number of updated asset objects reloaded= 0
AssetImportParameters requested are different than current active one (requested -> active):
  custom:container-demuxer-ogg: 62fdf1f143b41e24485cea50d1cbac27 -> 
  custom:video-decoder-ogg-theora: a1e56fd34408186e4bbccfd4996cb3dc -> 
  custom:framework-win-MediaFoundation: 216162199b28c13a410421893ffa2e32 -> 
  custom:scripting/monoscript/fileName/HealPickup.cs: 71876bf87905af9fc6eaaa92ce9f9cc1 -> 
  custom:CustomObjectIndexerAttribute: 9a22284fe3817be447336de3de66b15e -> 
  custom:container-demuxer-webm: 4f35f7cbe854078d1ac9338744f61a02 -> 
  custom:container-muxer-webm: aa71ff27fc2769a1b78a27578f13a17b -> 
  custom:video-decoder-webm-vp8: 9c59270c3fd7afecdb556c50c9e8de78 -> 
  custom:SearchIndexIgnoredProperties: e643bd26f0fe6173181afceb89e7c659 -> 
  custom:AudioImporter_EditorPlatform: d09bf68614088b80899f8185d706f6e7 -> 
  custom:video-encoder-webm-vp8: eb34c28f22e8b96e1ab97ce403110664 -> 
  custom:audio-decoder-ogg-vorbis: bf7c407c2cedff20999df2af8eb42d56 -> 
  custom:audio-encoder-webm-vorbis: bf7c407c2cedff20999df2af8eb42d56 -> 
  custom:scripting/precompiled-assembly-types:Assembly-CSharp: 0bba5674f77d92ad328955e8a722c46c -> a9a1178b2d54efcd4a4866cd6fa1f88e
========================================================================
Received Import Request.
  Time since last request: 231.802502 seconds.
  path: Assets/Virus 1/Virus 5 b animated 2.prefab
  artifactKey: Guid(da5fd7734a4fb694ea68435301636a90) Importer(815301076,1909f56bfc062723c751e8b465ee728b)
Start importing Assets/Virus 1/Virus 5 b animated 2.prefab using Guid(da5fd7734a4fb694ea68435301636a90) Importer(815301076,1909f56bfc062723c751e8b465ee728b) [PhysX] Initialized MultithreadedTaskDispatcher with 12 workers.
[PhysX] Initialized MultithreadedTaskDispatcher with 12 workers.
 -> (artifact id: 'b540ab9a432098366aa9a5dd5d49b87e') in 0.106553 seconds
Number of updated asset objects reloaded before import = 0
Number of asset objects unloaded after import = 122
========================================================================
Received Prepare
Caller must complete domain reload
Begin MonoManager ReloadAssembly
- Loaded All Assemblies, in  0.601 seconds
Native extension for WindowsStandalone target not found
Native extension for Android target not found
Mono: successfully reloaded assembly
- Finished resetting the current domain, in  1.947 seconds
Domain Reload Profiling: 2544ms
	BeginReloadAssembly (203ms)
		ExecutionOrderSort (0ms)
		DisableScriptedObjects (6ms)
		BackupInstance (0ms)
		ReleaseScriptingObjects (0ms)
		CreateAndSetChildDomain (41ms)
	RebuildCommonClasses (46ms)
	RebuildNativeTypeToScriptingClass (15ms)
	initialDomainReloadingComplete (48ms)
	LoadAllAssembliesAndSetupDomain (284ms)
		LoadAssemblies (381ms)
		RebuildTransferFunctionScriptingTraits (0ms)
		AnalyzeDomain (20ms)
			TypeCache.Refresh (7ms)
				TypeCache.ScanAssembly (0ms)
			ScanForSourceGeneratedMonoScriptInfo (0ms)
			ResolveRequiredComponents (11ms)
	FinalizeReload (1948ms)
		ReleaseScriptCaches (0ms)
		RebuildScriptCaches (0ms)
		SetupLoadedEditorAssemblies (1042ms)
			LogAssemblyErrors (0ms)
			InitializePlatformSupportModulesInManaged (40ms)
			SetLoadedEditorAssemblies (8ms)
			RefreshPlugins (0ms)
			BeforeProcessingInitializeOnLoad (112ms)
			ProcessInitializeOnLoadAttributes (832ms)
			ProcessInitializeOnLoadMethodAttributes (36ms)
			AfterProcessingInitializeOnLoad (14ms)
			EditorAssembliesLoaded (0ms)
		ExecutionOrderSort2 (0ms)
		AwakeInstancesAfterBackupRestoration (17ms)
Refreshing native plugins compatible for Editor in 5.73 ms, found 3 plugins.
Preloading 0 native plugins for Editor in 0.00 ms.
Unloading 3453 Unused Serialized files (Serialized files now loaded: 0)
Unloading 15 unused Assets / (99.8 KB). Loaded Objects now: 4282.
Memory consumption went from 133.6 MB to 133.5 MB.
Total: 5.171300 ms (FindLiveObjects: 0.335300 ms CreateObjectMapping: 0.293800 ms MarkObjects: 4.462500 ms  DeleteObjects: 0.078500 ms)

Prepare: number of updated asset objects reloaded= 0
AssetImportParameters requested are different than current active one (requested -> active):
  custom:container-demuxer-ogg: 62fdf1f143b41e24485cea50d1cbac27 -> 
  custom:video-decoder-ogg-theora: a1e56fd34408186e4bbccfd4996cb3dc -> 
  custom:framework-win-MediaFoundation: 216162199b28c13a410421893ffa2e32 -> 
  custom:scripting/monoscript/fileName/HealPickup.cs: 71876bf87905af9fc6eaaa92ce9f9cc1 -> 
  custom:CustomObjectIndexerAttribute: 9a22284fe3817be447336de3de66b15e -> 
  custom:container-demuxer-webm: 4f35f7cbe854078d1ac9338744f61a02 -> 
  custom:container-muxer-webm: aa71ff27fc2769a1b78a27578f13a17b -> 
  custom:video-decoder-webm-vp8: 9c59270c3fd7afecdb556c50c9e8de78 -> 
  custom:SearchIndexIgnoredProperties: e643bd26f0fe6173181afceb89e7c659 -> 
  custom:AudioImporter_EditorPlatform: d09bf68614088b80899f8185d706f6e7 -> 
  custom:video-encoder-webm-vp8: eb34c28f22e8b96e1ab97ce403110664 -> 
  custom:audio-decoder-ogg-vorbis: bf7c407c2cedff20999df2af8eb42d56 -> 
  custom:audio-encoder-webm-vorbis: bf7c407c2cedff20999df2af8eb42d56 -> 
  custom:scripting/precompiled-assembly-types:Assembly-CSharp: 0bba5674f77d92ad328955e8a722c46c -> a9a1178b2d54efcd4a4866cd6fa1f88e
========================================================================
Received Import Request.
  Time since last request: 197.337715 seconds.
  path: Assets/Virus 1/Virus 5 b animated 2.prefab
  artifactKey: Guid(da5fd7734a4fb694ea68435301636a90) Importer(815301076,1909f56bfc062723c751e8b465ee728b)
Start importing Assets/Virus 1/Virus 5 b animated 2.prefab using Guid(da5fd7734a4fb694ea68435301636a90) Importer(815301076,1909f56bfc062723c751e8b465ee728b) [PhysX] Initialized MultithreadedTaskDispatcher with 12 workers.
[PhysX] Initialized MultithreadedTaskDispatcher with 12 workers.
 -> (artifact id: 'b1ff7aba792351c5c2502fa2f8e42631') in 0.112911 seconds
Number of updated asset objects reloaded before import = 0
Number of asset objects unloaded after import = 122
========================================================================
Received Prepare
Caller must complete domain reload
Begin MonoManager ReloadAssembly
- Loaded All Assemblies, in  0.648 seconds
Native extension for WindowsStandalone target not found
Native extension for Android target not found
Mono: successfully reloaded assembly
- Finished resetting the current domain, in  1.917 seconds
Domain Reload Profiling: 2562ms
	BeginReloadAssembly (219ms)
		ExecutionOrderSort (0ms)
		DisableScriptedObjects (7ms)
		BackupInstance (0ms)
		ReleaseScriptingObjects (0ms)
		CreateAndSetChildDomain (44ms)
	RebuildCommonClasses (66ms)
	RebuildNativeTypeToScriptingClass (16ms)
	initialDomainReloadingComplete (43ms)
	LoadAllAssembliesAndSetupDomain (298ms)
		LoadAssemblies (407ms)
		RebuildTransferFunctionScriptingTraits (0ms)
		AnalyzeDomain (19ms)
			TypeCache.Refresh (7ms)
				TypeCache.ScanAssembly (0ms)
			ScanForSourceGeneratedMonoScriptInfo (0ms)
			ResolveRequiredComponents (9ms)
	FinalizeReload (1918ms)
		ReleaseScriptCaches (0ms)
		RebuildScriptCaches (0ms)
		SetupLoadedEditorAssemblies (1078ms)
			LogAssemblyErrors (0ms)
			InitializePlatformSupportModulesInManaged (32ms)
			SetLoadedEditorAssemblies (7ms)
			RefreshPlugins (0ms)
			BeforeProcessingInitializeOnLoad (112ms)
			ProcessInitializeOnLoadAttributes (873ms)
			ProcessInitializeOnLoadMethodAttributes (38ms)
			AfterProcessingInitializeOnLoad (15ms)
			EditorAssembliesLoaded (0ms)
		ExecutionOrderSort2 (0ms)
		AwakeInstancesAfterBackupRestoration (18ms)
Refreshing native plugins compatible for Editor in 5.58 ms, found 3 plugins.
Preloading 0 native plugins for Editor in 0.00 ms.
Unloading 3453 Unused Serialized files (Serialized files now loaded: 0)
Unloading 15 unused Assets / (100.0 KB). Loaded Objects now: 4298.
Memory consumption went from 133.7 MB to 133.6 MB.
Total: 5.785500 ms (FindLiveObjects: 0.464900 ms CreateObjectMapping: 0.350400 ms MarkObjects: 4.887600 ms  DeleteObjects: 0.081400 ms)

Prepare: number of updated asset objects reloaded= 0
AssetImportParameters requested are different than current active one (requested -> active):
  custom:container-demuxer-ogg: 62fdf1f143b41e24485cea50d1cbac27 -> 
  custom:video-decoder-ogg-theora: a1e56fd34408186e4bbccfd4996cb3dc -> 
  custom:framework-win-MediaFoundation: 216162199b28c13a410421893ffa2e32 -> 
  custom:scripting/monoscript/fileName/HealPickup.cs: 71876bf87905af9fc6eaaa92ce9f9cc1 -> 
  custom:CustomObjectIndexerAttribute: 9a22284fe3817be447336de3de66b15e -> 
  custom:container-demuxer-webm: 4f35f7cbe854078d1ac9338744f61a02 -> 
  custom:container-muxer-webm: aa71ff27fc2769a1b78a27578f13a17b -> 
  custom:video-decoder-webm-vp8: 9c59270c3fd7afecdb556c50c9e8de78 -> 
  custom:SearchIndexIgnoredProperties: e643bd26f0fe6173181afceb89e7c659 -> 
  custom:AudioImporter_EditorPlatform: d09bf68614088b80899f8185d706f6e7 -> 
  custom:video-encoder-webm-vp8: eb34c28f22e8b96e1ab97ce403110664 -> 
  custom:audio-decoder-ogg-vorbis: bf7c407c2cedff20999df2af8eb42d56 -> 
  custom:audio-encoder-webm-vorbis: bf7c407c2cedff20999df2af8eb42d56 -> 
  custom:scripting/precompiled-assembly-types:Assembly-CSharp: 0bba5674f77d92ad328955e8a722c46c -> a9a1178b2d54efcd4a4866cd6fa1f88e
========================================================================
Received Import Request.
  Time since last request: 157.289233 seconds.
  path: Assets/Virus 1/Virus 5 b animated 2.prefab
  artifactKey: Guid(da5fd7734a4fb694ea68435301636a90) Importer(815301076,1909f56bfc062723c751e8b465ee728b)
Start importing Assets/Virus 1/Virus 5 b animated 2.prefab using Guid(da5fd7734a4fb694ea68435301636a90) Importer(815301076,1909f56bfc062723c751e8b465ee728b) [PhysX] Initialized MultithreadedTaskDispatcher with 12 workers.
[PhysX] Initialized MultithreadedTaskDispatcher with 12 workers.
 -> (artifact id: '734cc37b0bd87f8c45df642e18f19e16') in 0.099794 seconds
Number of updated asset objects reloaded before import = 0
Number of asset objects unloaded after import = 122
========================================================================
Received Prepare
Caller must complete domain reload
Begin MonoManager ReloadAssembly
- Loaded All Assemblies, in  0.588 seconds
Native extension for WindowsStandalone target not found
Native extension for Android target not found
Mono: successfully reloaded assembly
- Finished resetting the current domain, in  1.703 seconds
Domain Reload Profiling: 2288ms
	BeginReloadAssembly (210ms)
		ExecutionOrderSort (0ms)
		DisableScriptedObjects (7ms)
		BackupInstance (0ms)
		ReleaseScriptingObjects (0ms)
		CreateAndSetChildDomain (48ms)
	RebuildCommonClasses (44ms)
	RebuildNativeTypeToScriptingClass (15ms)
	initialDomainReloadingComplete (38ms)
	LoadAllAssembliesAndSetupDomain (276ms)
		LoadAssemblies (375ms)
		RebuildTransferFunctionScriptingTraits (0ms)
		AnalyzeDomain (20ms)
			TypeCache.Refresh (8ms)
				TypeCache.ScanAssembly (0ms)
			ScanForSourceGeneratedMonoScriptInfo (0ms)
			ResolveRequiredComponents (10ms)
	FinalizeReload (1704ms)
		ReleaseScriptCaches (0ms)
		RebuildScriptCaches (0ms)
		SetupLoadedEditorAssemblies (949ms)
			LogAssemblyErrors (0ms)
			InitializePlatformSupportModulesInManaged (34ms)
			SetLoadedEditorAssemblies (7ms)
			RefreshPlugins (0ms)
			BeforeProcessingInitializeOnLoad (91ms)
			ProcessInitializeOnLoadAttributes (772ms)
			ProcessInitializeOnLoadMethodAttributes (32ms)
			AfterProcessingInitializeOnLoad (14ms)
			EditorAssembliesLoaded (0ms)
		ExecutionOrderSort2 (0ms)
		AwakeInstancesAfterBackupRestoration (16ms)
Refreshing native plugins compatible for Editor in 6.54 ms, found 3 plugins.
Preloading 0 native plugins for Editor in 0.00 ms.
Unloading 3453 Unused Serialized files (Serialized files now loaded: 0)
Unloading 15 unused Assets / (99.9 KB). Loaded Objects now: 4314.
Memory consumption went from 133.7 MB to 133.6 MB.
Total: 4.806200 ms (FindLiveObjects: 0.377400 ms CreateObjectMapping: 0.287300 ms MarkObjects: 4.074400 ms  DeleteObjects: 0.065900 ms)

Prepare: number of updated asset objects reloaded= 0
AssetImportParameters requested are different than current active one (requested -> active):
  custom:container-demuxer-ogg: 62fdf1f143b41e24485cea50d1cbac27 -> 
  custom:video-decoder-ogg-theora: a1e56fd34408186e4bbccfd4996cb3dc -> 
  custom:framework-win-MediaFoundation: 216162199b28c13a410421893ffa2e32 -> 
  custom:scripting/monoscript/fileName/HealPickup.cs: 71876bf87905af9fc6eaaa92ce9f9cc1 -> 
  custom:CustomObjectIndexerAttribute: 9a22284fe3817be447336de3de66b15e -> 
  custom:container-demuxer-webm: 4f35f7cbe854078d1ac9338744f61a02 -> 
  custom:container-muxer-webm: aa71ff27fc2769a1b78a27578f13a17b -> 
  custom:video-decoder-webm-vp8: 9c59270c3fd7afecdb556c50c9e8de78 -> 
  custom:SearchIndexIgnoredProperties: e643bd26f0fe6173181afceb89e7c659 -> 
  custom:AudioImporter_EditorPlatform: d09bf68614088b80899f8185d706f6e7 -> 
  custom:video-encoder-webm-vp8: eb34c28f22e8b96e1ab97ce403110664 -> 
  custom:audio-decoder-ogg-vorbis: bf7c407c2cedff20999df2af8eb42d56 -> 
  custom:audio-encoder-webm-vorbis: bf7c407c2cedff20999df2af8eb42d56 -> 
  custom:scripting/precompiled-assembly-types:Assembly-CSharp: 0bba5674f77d92ad328955e8a722c46c -> a9a1178b2d54efcd4a4866cd6fa1f88e
========================================================================
Received Import Request.
  Time since last request: 259.642340 seconds.
  path: Assets/Virus 1/Virus 5 b animated 2.prefab
  artifactKey: Guid(da5fd7734a4fb694ea68435301636a90) Importer(815301076,1909f56bfc062723c751e8b465ee728b)
Start importing Assets/Virus 1/Virus 5 b animated 2.prefab using Guid(da5fd7734a4fb694ea68435301636a90) Importer(815301076,1909f56bfc062723c751e8b465ee728b) [PhysX] Initialized MultithreadedTaskDispatcher with 12 workers.
[PhysX] Initialized MultithreadedTaskDispatcher with 12 workers.
 -> (artifact id: 'c533eed379f2175791c7a31716d9ca51') in 0.103783 seconds
Number of updated asset objects reloaded before import = 0
Number of asset objects unloaded after import = 122
========================================================================
Received Prepare
Caller must complete domain reload
Begin MonoManager ReloadAssembly
- Loaded All Assemblies, in  0.589 seconds
Native extension for WindowsStandalone target not found
Native extension for Android target not found
Mono: successfully reloaded assembly
- Finished resetting the current domain, in  1.920 seconds
Domain Reload Profiling: 2506ms
	BeginReloadAssembly (202ms)
		ExecutionOrderSort (0ms)
		DisableScriptedObjects (10ms)
		BackupInstance (0ms)
		ReleaseScriptingObjects (0ms)
		CreateAndSetChildDomain (40ms)
	RebuildCommonClasses (53ms)
	RebuildNativeTypeToScriptingClass (22ms)
	initialDomainReloadingComplete (40ms)
	LoadAllAssembliesAndSetupDomain (268ms)
		LoadAssemblies (366ms)
		RebuildTransferFunctionScriptingTraits (0ms)
		AnalyzeDomain (18ms)
			TypeCache.Refresh (6ms)
				TypeCache.ScanAssembly (0ms)
			ScanForSourceGeneratedMonoScriptInfo (0ms)
			ResolveRequiredComponents (9ms)
	FinalizeReload (1921ms)
		ReleaseScriptCaches (0ms)
		RebuildScriptCaches (0ms)
		SetupLoadedEditorAssemblies (1074ms)
			LogAssemblyErrors (0ms)
			InitializePlatformSupportModulesInManaged (33ms)
			SetLoadedEditorAssemblies (7ms)
			RefreshPlugins (0ms)
			BeforeProcessingInitializeOnLoad (107ms)
			ProcessInitializeOnLoadAttributes (861ms)
			ProcessInitializeOnLoadMethodAttributes (40ms)
			AfterProcessingInitializeOnLoad (25ms)
			EditorAssembliesLoaded (0ms)
		ExecutionOrderSort2 (0ms)
		AwakeInstancesAfterBackupRestoration (20ms)
Refreshing native plugins compatible for Editor in 5.90 ms, found 3 plugins.
Preloading 0 native plugins for Editor in 0.00 ms.
Unloading 3453 Unused Serialized files (Serialized files now loaded: 0)
Unloading 15 unused Assets / (99.8 KB). Loaded Objects now: 4330.
Memory consumption went from 133.7 MB to 133.6 MB.
Total: 6.112600 ms (FindLiveObjects: 0.415200 ms CreateObjectMapping: 0.308800 ms MarkObjects: 5.290100 ms  DeleteObjects: 0.096900 ms)

Prepare: number of updated asset objects reloaded= 0
AssetImportParameters requested are different than current active one (requested -> active):
  custom:container-demuxer-ogg: 62fdf1f143b41e24485cea50d1cbac27 -> 
  custom:video-decoder-ogg-theora: a1e56fd34408186e4bbccfd4996cb3dc -> 
  custom:framework-win-MediaFoundation: 216162199b28c13a410421893ffa2e32 -> 
  custom:scripting/monoscript/fileName/HealPickup.cs: 71876bf87905af9fc6eaaa92ce9f9cc1 -> 
  custom:CustomObjectIndexerAttribute: 9a22284fe3817be447336de3de66b15e -> 
  custom:container-demuxer-webm: 4f35f7cbe854078d1ac9338744f61a02 -> 
  custom:container-muxer-webm: aa71ff27fc2769a1b78a27578f13a17b -> 
  custom:video-decoder-webm-vp8: 9c59270c3fd7afecdb556c50c9e8de78 -> 
  custom:SearchIndexIgnoredProperties: e643bd26f0fe6173181afceb89e7c659 -> 
  custom:AudioImporter_EditorPlatform: d09bf68614088b80899f8185d706f6e7 -> 
  custom:video-encoder-webm-vp8: eb34c28f22e8b96e1ab97ce403110664 -> 
  custom:audio-decoder-ogg-vorbis: bf7c407c2cedff20999df2af8eb42d56 -> 
  custom:audio-encoder-webm-vorbis: bf7c407c2cedff20999df2af8eb42d56 -> 
  custom:scripting/precompiled-assembly-types:Assembly-CSharp: 0bba5674f77d92ad328955e8a722c46c -> a9a1178b2d54efcd4a4866cd6fa1f88e
========================================================================
Received Prepare
Caller must complete domain reload
Begin MonoManager ReloadAssembly
- Loaded All Assemblies, in  0.575 seconds
Native extension for WindowsStandalone target not found
Native extension for Android target not found
Mono: successfully reloaded assembly
- Finished resetting the current domain, in  1.603 seconds
Domain Reload Profiling: 2174ms
	BeginReloadAssembly (196ms)
		ExecutionOrderSort (0ms)
		DisableScriptedObjects (7ms)
		BackupInstance (0ms)
		ReleaseScriptingObjects (0ms)
		CreateAndSetChildDomain (37ms)
	RebuildCommonClasses (48ms)
	RebuildNativeTypeToScriptingClass (16ms)
	initialDomainReloadingComplete (39ms)
	LoadAllAssembliesAndSetupDomain (271ms)
		LoadAssemblies (368ms)
		RebuildTransferFunctionScriptingTraits (0ms)
		AnalyzeDomain (19ms)
			TypeCache.Refresh (7ms)
				TypeCache.ScanAssembly (0ms)
			ScanForSourceGeneratedMonoScriptInfo (0ms)
			ResolveRequiredComponents (9ms)
	FinalizeReload (1604ms)
		ReleaseScriptCaches (0ms)
		RebuildScriptCaches (0ms)
		SetupLoadedEditorAssemblies (878ms)
			LogAssemblyErrors (0ms)
			InitializePlatformSupportModulesInManaged (33ms)
			SetLoadedEditorAssemblies (7ms)
			RefreshPlugins (0ms)
			BeforeProcessingInitializeOnLoad (98ms)
			ProcessInitializeOnLoadAttributes (700ms)
			ProcessInitializeOnLoadMethodAttributes (27ms)
			AfterProcessingInitializeOnLoad (11ms)
			EditorAssembliesLoaded (0ms)
		ExecutionOrderSort2 (0ms)
		AwakeInstancesAfterBackupRestoration (13ms)
Refreshing native plugins compatible for Editor in 4.94 ms, found 3 plugins.
Preloading 0 native plugins for Editor in 0.00 ms.
Unloading 3454 Unused Serialized files (Serialized files now loaded: 0)
Unloading 15 unused Assets / (99.9 KB). Loaded Objects now: 4346.
Memory consumption went from 134.0 MB to 133.9 MB.
Total: 5.356000 ms (FindLiveObjects: 0.499100 ms CreateObjectMapping: 0.391600 ms MarkObjects: 4.389400 ms  DeleteObjects: 0.074300 ms)

Prepare: number of updated asset objects reloaded= 0
AssetImportParameters requested are different than current active one (requested -> active):
  custom:container-demuxer-ogg: 62fdf1f143b41e24485cea50d1cbac27 -> 
  custom:video-decoder-ogg-theora: a1e56fd34408186e4bbccfd4996cb3dc -> 
  custom:framework-win-MediaFoundation: 216162199b28c13a410421893ffa2e32 -> 
  custom:scripting/monoscript/fileName/HealPickup.cs: 71876bf87905af9fc6eaaa92ce9f9cc1 -> 
  custom:CustomObjectIndexerAttribute: 9a22284fe3817be447336de3de66b15e -> 
  custom:container-demuxer-webm: 4f35f7cbe854078d1ac9338744f61a02 -> 
  custom:container-muxer-webm: aa71ff27fc2769a1b78a27578f13a17b -> 
  custom:video-decoder-webm-vp8: 9c59270c3fd7afecdb556c50c9e8de78 -> 
  custom:SearchIndexIgnoredProperties: e643bd26f0fe6173181afceb89e7c659 -> 
  custom:AudioImporter_EditorPlatform: d09bf68614088b80899f8185d706f6e7 -> 
  custom:video-encoder-webm-vp8: eb34c28f22e8b96e1ab97ce403110664 -> 
  custom:audio-decoder-ogg-vorbis: bf7c407c2cedff20999df2af8eb42d56 -> 
  custom:audio-encoder-webm-vorbis: bf7c407c2cedff20999df2af8eb42d56 -> 
  custom:scripting/precompiled-assembly-types:Assembly-CSharp: 0bba5674f77d92ad328955e8a722c46c -> a9a1178b2d54efcd4a4866cd6fa1f88e
========================================================================
Received Import Request.
  Time since last request: 94.540773 seconds.
  path: Assets/Virus 1/Virus 5 b animated 2.prefab
  artifactKey: Guid(da5fd7734a4fb694ea68435301636a90) Importer(815301076,1909f56bfc062723c751e8b465ee728b)
Start importing Assets/Virus 1/Virus 5 b animated 2.prefab using Guid(da5fd7734a4fb694ea68435301636a90) Importer(815301076,1909f56bfc062723c751e8b465ee728b) [PhysX] Initialized MultithreadedTaskDispatcher with 12 workers.
[PhysX] Initialized MultithreadedTaskDispatcher with 12 workers.
 -> (artifact id: '228e9a7bf5d13316988d15ea980241c7') in 0.110960 seconds
Number of updated asset objects reloaded before import = 0
Number of asset objects unloaded after import = 122
========================================================================
Received Prepare
Caller must complete domain reload
Begin MonoManager ReloadAssembly
- Loaded All Assemblies, in  0.624 seconds
Native extension for WindowsStandalone target not found
Native extension for Android target not found
Mono: successfully reloaded assembly
- Finished resetting the current domain, in  1.658 seconds
Domain Reload Profiling: 2278ms
	BeginReloadAssembly (213ms)
		ExecutionOrderSort (0ms)
		DisableScriptedObjects (10ms)
		BackupInstance (0ms)
		ReleaseScriptingObjects (0ms)
		CreateAndSetChildDomain (47ms)
	RebuildCommonClasses (45ms)
	RebuildNativeTypeToScriptingClass (23ms)
	initialDomainReloadingComplete (43ms)
	LoadAllAssembliesAndSetupDomain (294ms)
		LoadAssemblies (391ms)
		RebuildTransferFunctionScriptingTraits (0ms)
		AnalyzeDomain (22ms)
			TypeCache.Refresh (9ms)
				TypeCache.ScanAssembly (0ms)
			ScanForSourceGeneratedMonoScriptInfo (0ms)
			ResolveRequiredComponents (10ms)
	FinalizeReload (1659ms)
		ReleaseScriptCaches (0ms)
		RebuildScriptCaches (0ms)
		SetupLoadedEditorAssemblies (881ms)
			LogAssemblyErrors (0ms)
			InitializePlatformSupportModulesInManaged (36ms)
			SetLoadedEditorAssemblies (7ms)
			RefreshPlugins (0ms)
			BeforeProcessingInitializeOnLoad (93ms)
			ProcessInitializeOnLoadAttributes (708ms)
			ProcessInitializeOnLoadMethodAttributes (26ms)
			AfterProcessingInitializeOnLoad (11ms)
			EditorAssembliesLoaded (0ms)
		ExecutionOrderSort2 (0ms)
		AwakeInstancesAfterBackupRestoration (14ms)
Refreshing native plugins compatible for Editor in 6.53 ms, found 3 plugins.
Preloading 0 native plugins for Editor in 0.00 ms.
Unloading 3453 Unused Serialized files (Serialized files now loaded: 0)
Unloading 15 unused Assets / (99.8 KB). Loaded Objects now: 4362.
Memory consumption went from 133.8 MB to 133.7 MB.
Total: 4.670400 ms (FindLiveObjects: 0.384500 ms CreateObjectMapping: 0.295600 ms MarkObjects: 3.920200 ms  DeleteObjects: 0.069000 ms)

Prepare: number of updated asset objects reloaded= 0
AssetImportParameters requested are different than current active one (requested -> active):
  custom:container-demuxer-ogg: 62fdf1f143b41e24485cea50d1cbac27 -> 
  custom:video-decoder-ogg-theora: a1e56fd34408186e4bbccfd4996cb3dc -> 
  custom:framework-win-MediaFoundation: 216162199b28c13a410421893ffa2e32 -> 
  custom:scripting/monoscript/fileName/HealPickup.cs: 71876bf87905af9fc6eaaa92ce9f9cc1 -> 
  custom:CustomObjectIndexerAttribute: 9a22284fe3817be447336de3de66b15e -> 
  custom:container-demuxer-webm: 4f35f7cbe854078d1ac9338744f61a02 -> 
  custom:container-muxer-webm: aa71ff27fc2769a1b78a27578f13a17b -> 
  custom:video-decoder-webm-vp8: 9c59270c3fd7afecdb556c50c9e8de78 -> 
  custom:SearchIndexIgnoredProperties: e643bd26f0fe6173181afceb89e7c659 -> 
  custom:AudioImporter_EditorPlatform: d09bf68614088b80899f8185d706f6e7 -> 
  custom:video-encoder-webm-vp8: eb34c28f22e8b96e1ab97ce403110664 -> 
  custom:audio-decoder-ogg-vorbis: bf7c407c2cedff20999df2af8eb42d56 -> 
  custom:audio-encoder-webm-vorbis: bf7c407c2cedff20999df2af8eb42d56 -> 
  custom:scripting/precompiled-assembly-types:Assembly-CSharp: 0bba5674f77d92ad328955e8a722c46c -> a9a1178b2d54efcd4a4866cd6fa1f88e
========================================================================
Received Import Request.
  Time since last request: 375.066199 seconds.
  path: Assets/Prefabs/Heal.prefab
  artifactKey: Guid(98b0bac3a79a59e4b90b32ced64842ae) Importer(815301076,1909f56bfc062723c751e8b465ee728b)
Start importing Assets/Prefabs/Heal.prefab using Guid(98b0bac3a79a59e4b90b32ced64842ae) Importer(815301076,1909f56bfc062723c751e8b465ee728b) [PhysX] Initialized MultithreadedTaskDispatcher with 12 workers.
[PhysX] Initialized MultithreadedTaskDispatcher with 12 workers.
 -> (artifact id: 'c92b8d747f9fa763fbd9edb2782855ea') in 0.090030 seconds
Number of updated asset objects reloaded before import = 0
Number of asset objects unloaded after import = 15
========================================================================
Received Prepare
Caller must complete domain reload
Begin MonoManager ReloadAssembly
- Loaded All Assemblies, in  0.599 seconds
Native extension for WindowsStandalone target not found
Native extension for Android target not found
Mono: successfully reloaded assembly
- Finished resetting the current domain, in  1.717 seconds
Domain Reload Profiling: 2312ms
	BeginReloadAssembly (207ms)
		ExecutionOrderSort (0ms)
		DisableScriptedObjects (6ms)
		BackupInstance (0ms)
		ReleaseScriptingObjects (0ms)
		CreateAndSetChildDomain (39ms)
	RebuildCommonClasses (45ms)
	RebuildNativeTypeToScriptingClass (20ms)
	initialDomainReloadingComplete (47ms)
	LoadAllAssembliesAndSetupDomain (276ms)
		LoadAssemblies (380ms)
		RebuildTransferFunctionScriptingTraits (0ms)
		AnalyzeDomain (19ms)
			TypeCache.Refresh (8ms)
				TypeCache.ScanAssembly (0ms)
			ScanForSourceGeneratedMonoScriptInfo (0ms)
			ResolveRequiredComponents (9ms)
	FinalizeReload (1718ms)
		ReleaseScriptCaches (0ms)
		RebuildScriptCaches (0ms)
		SetupLoadedEditorAssemblies (974ms)
			LogAssemblyErrors (0ms)
			InitializePlatformSupportModulesInManaged (46ms)
			SetLoadedEditorAssemblies (7ms)
			RefreshPlugins (0ms)
			BeforeProcessingInitializeOnLoad (110ms)
			ProcessInitializeOnLoadAttributes (766ms)
			ProcessInitializeOnLoadMethodAttributes (30ms)
			AfterProcessingInitializeOnLoad (13ms)
			EditorAssembliesLoaded (0ms)
		ExecutionOrderSort2 (0ms)
		AwakeInstancesAfterBackupRestoration (17ms)
Refreshing native plugins compatible for Editor in 6.08 ms, found 3 plugins.
Preloading 0 native plugins for Editor in 0.00 ms.
Unloading 3453 Unused Serialized files (Serialized files now loaded: 0)
Unloading 15 unused Assets / (99.8 KB). Loaded Objects now: 4378.
Memory consumption went from 133.8 MB to 133.7 MB.
Total: 6.262000 ms (FindLiveObjects: 0.407800 ms CreateObjectMapping: 0.432700 ms MarkObjects: 5.353300 ms  DeleteObjects: 0.066800 ms)

Prepare: number of updated asset objects reloaded= 0
AssetImportParameters requested are different than current active one (requested -> active):
  custom:container-demuxer-ogg: 62fdf1f143b41e24485cea50d1cbac27 -> 
  custom:video-decoder-ogg-theora: a1e56fd34408186e4bbccfd4996cb3dc -> 
  custom:framework-win-MediaFoundation: 216162199b28c13a410421893ffa2e32 -> 
  custom:scripting/monoscript/fileName/HealPickup.cs: 71876bf87905af9fc6eaaa92ce9f9cc1 -> 
  custom:CustomObjectIndexerAttribute: 9a22284fe3817be447336de3de66b15e -> 
  custom:container-demuxer-webm: 4f35f7cbe854078d1ac9338744f61a02 -> 
  custom:container-muxer-webm: aa71ff27fc2769a1b78a27578f13a17b -> 
  custom:video-decoder-webm-vp8: 9c59270c3fd7afecdb556c50c9e8de78 -> 
  custom:SearchIndexIgnoredProperties: e643bd26f0fe6173181afceb89e7c659 -> 
  custom:AudioImporter_EditorPlatform: d09bf68614088b80899f8185d706f6e7 -> 
  custom:video-encoder-webm-vp8: eb34c28f22e8b96e1ab97ce403110664 -> 
  custom:audio-decoder-ogg-vorbis: bf7c407c2cedff20999df2af8eb42d56 -> 
  custom:audio-encoder-webm-vorbis: bf7c407c2cedff20999df2af8eb42d56 -> 
  custom:scripting/precompiled-assembly-types:Assembly-CSharp: 0bba5674f77d92ad328955e8a722c46c -> a9a1178b2d54efcd4a4866cd6fa1f88e
========================================================================
Received Import Request.
  Time since last request: 787.487209 seconds.
  path: Assets/Prefabs/Heal.prefab
  artifactKey: Guid(98b0bac3a79a59e4b90b32ced64842ae) Importer(815301076,1909f56bfc062723c751e8b465ee728b)
Start importing Assets/Prefabs/Heal.prefab using Guid(98b0bac3a79a59e4b90b32ced64842ae) Importer(815301076,1909f56bfc062723c751e8b465ee728b) [PhysX] Initialized MultithreadedTaskDispatcher with 12 workers.
[PhysX] Initialized MultithreadedTaskDispatcher with 12 workers.
 -> (artifact id: '1f6f09e7b6244671078b8eb4a2659300') in 0.094336 seconds
Number of updated asset objects reloaded before import = 0
Number of asset objects unloaded after import = 15
========================================================================
Received Prepare
Caller must complete domain reload
Begin MonoManager ReloadAssembly
- Loaded All Assemblies, in  0.678 seconds
Native extension for WindowsStandalone target not found
Native extension for Android target not found
Mono: successfully reloaded assembly
- Finished resetting the current domain, in  1.993 seconds
Domain Reload Profiling: 2666ms
	BeginReloadAssembly (228ms)
		ExecutionOrderSort (0ms)
		DisableScriptedObjects (9ms)
		BackupInstance (0ms)
		ReleaseScriptingObjects (0ms)
		CreateAndSetChildDomain (43ms)
	RebuildCommonClasses (55ms)
	RebuildNativeTypeToScriptingClass (19ms)
	initialDomainReloadingComplete (51ms)
	LoadAllAssembliesAndSetupDomain (319ms)
		LoadAssemblies (426ms)
		RebuildTransferFunctionScriptingTraits (0ms)
		AnalyzeDomain (25ms)
			TypeCache.Refresh (8ms)
				TypeCache.ScanAssembly (0ms)
			ScanForSourceGeneratedMonoScriptInfo (0ms)
			ResolveRequiredComponents (15ms)
	FinalizeReload (1994ms)
		ReleaseScriptCaches (0ms)
		RebuildScriptCaches (0ms)
		SetupLoadedEditorAssemblies (1097ms)
			LogAssemblyErrors (0ms)
			InitializePlatformSupportModulesInManaged (43ms)
			SetLoadedEditorAssemblies (11ms)
			RefreshPlugins (0ms)
			BeforeProcessingInitializeOnLoad (118ms)
			ProcessInitializeOnLoadAttributes (869ms)
			ProcessInitializeOnLoadMethodAttributes (39ms)
			AfterProcessingInitializeOnLoad (17ms)
			EditorAssembliesLoaded (0ms)
		ExecutionOrderSort2 (0ms)
		AwakeInstancesAfterBackupRestoration (18ms)
Refreshing native plugins compatible for Editor in 7.15 ms, found 3 plugins.
Preloading 0 native plugins for Editor in 0.00 ms.
Unloading 3453 Unused Serialized files (Serialized files now loaded: 0)
Unloading 15 unused Assets / (99.9 KB). Loaded Objects now: 4394.
Memory consumption went from 133.8 MB to 133.7 MB.
Total: 6.177500 ms (FindLiveObjects: 0.470800 ms CreateObjectMapping: 0.413300 ms MarkObjects: 5.187100 ms  DeleteObjects: 0.104800 ms)

Prepare: number of updated asset objects reloaded= 0
AssetImportParameters requested are different than current active one (requested -> active):
  custom:container-demuxer-ogg: 62fdf1f143b41e24485cea50d1cbac27 -> 
  custom:video-decoder-ogg-theora: a1e56fd34408186e4bbccfd4996cb3dc -> 
  custom:framework-win-MediaFoundation: 216162199b28c13a410421893ffa2e32 -> 
  custom:scripting/monoscript/fileName/HealPickup.cs: 71876bf87905af9fc6eaaa92ce9f9cc1 -> 
  custom:CustomObjectIndexerAttribute: 9a22284fe3817be447336de3de66b15e -> 
  custom:container-demuxer-webm: 4f35f7cbe854078d1ac9338744f61a02 -> 
  custom:container-muxer-webm: aa71ff27fc2769a1b78a27578f13a17b -> 
  custom:video-decoder-webm-vp8: 9c59270c3fd7afecdb556c50c9e8de78 -> 
  custom:SearchIndexIgnoredProperties: e643bd26f0fe6173181afceb89e7c659 -> 
  custom:AudioImporter_EditorPlatform: d09bf68614088b80899f8185d706f6e7 -> 
  custom:video-encoder-webm-vp8: eb34c28f22e8b96e1ab97ce403110664 -> 
  custom:audio-decoder-ogg-vorbis: bf7c407c2cedff20999df2af8eb42d56 -> 
  custom:audio-encoder-webm-vorbis: bf7c407c2cedff20999df2af8eb42d56 -> 
  custom:scripting/precompiled-assembly-types:Assembly-CSharp: 0bba5674f77d92ad328955e8a722c46c -> a9a1178b2d54efcd4a4866cd6fa1f88e
========================================================================
Received Import Request.
  Time since last request: 70.168934 seconds.
  path: Assets/Virus 1/Virus 5 b animated 2.prefab
  artifactKey: Guid(da5fd7734a4fb694ea68435301636a90) Importer(815301076,1909f56bfc062723c751e8b465ee728b)
Start importing Assets/Virus 1/Virus 5 b animated 2.prefab using Guid(da5fd7734a4fb694ea68435301636a90) Importer(815301076,1909f56bfc062723c751e8b465ee728b) [PhysX] Initialized MultithreadedTaskDispatcher with 12 workers.
[PhysX] Initialized MultithreadedTaskDispatcher with 12 workers.
 -> (artifact id: 'eb3dafe1df38ce332a3d0dfc011c92bf') in 0.177509 seconds
Number of updated asset objects reloaded before import = 0
Number of asset objects unloaded after import = 122
========================================================================
Received Import Request.
  Time since last request: 11.783765 seconds.
  path: Assets/Virus 1/Virus 5 b animated 2.prefab
  artifactKey: Guid(da5fd7734a4fb694ea68435301636a90) Importer(815301076,1909f56bfc062723c751e8b465ee728b)
Start importing Assets/Virus 1/Virus 5 b animated 2.prefab using Guid(da5fd7734a4fb694ea68435301636a90) Importer(815301076,1909f56bfc062723c751e8b465ee728b) [PhysX] Initialized MultithreadedTaskDispatcher with 12 workers.
[PhysX] Initialized MultithreadedTaskDispatcher with 12 workers.
 -> (artifact id: 'b79167fbd84fa4d8381ce50974c0cb42') in 0.027072 seconds
Number of updated asset objects reloaded before import = 0
Number of asset objects unloaded after import = 122
========================================================================
Received Prepare
Caller must complete domain reload
Begin MonoManager ReloadAssembly
- Loaded All Assemblies, in  0.609 seconds
Native extension for WindowsStandalone target not found
Native extension for Android target not found
Mono: successfully reloaded assembly
- Finished resetting the current domain, in  1.780 seconds
Domain Reload Profiling: 2385ms
	BeginReloadAssembly (210ms)
		ExecutionOrderSort (0ms)
		DisableScriptedObjects (6ms)
		BackupInstance (0ms)
		ReleaseScriptingObjects (0ms)
		CreateAndSetChildDomain (43ms)
	RebuildCommonClasses (46ms)
	RebuildNativeTypeToScriptingClass (16ms)
	initialDomainReloadingComplete (42ms)
	LoadAllAssembliesAndSetupDomain (290ms)
		LoadAssemblies (395ms)
		RebuildTransferFunctionScriptingTraits (0ms)
		AnalyzeDomain (20ms)
			TypeCache.Refresh (7ms)
				TypeCache.ScanAssembly (0ms)
			ScanForSourceGeneratedMonoScriptInfo (0ms)
			ResolveRequiredComponents (11ms)
	FinalizeReload (1781ms)
		ReleaseScriptCaches (0ms)
		RebuildScriptCaches (0ms)
		SetupLoadedEditorAssemblies (967ms)
			LogAssemblyErrors (0ms)
			InitializePlatformSupportModulesInManaged (38ms)
			SetLoadedEditorAssemblies (7ms)
			RefreshPlugins (0ms)
			BeforeProcessingInitializeOnLoad (100ms)
			ProcessInitializeOnLoadAttributes (776ms)
			ProcessInitializeOnLoadMethodAttributes (33ms)
			AfterProcessingInitializeOnLoad (13ms)
			EditorAssembliesLoaded (0ms)
		ExecutionOrderSort2 (0ms)
		AwakeInstancesAfterBackupRestoration (15ms)
Refreshing native plugins compatible for Editor in 6.85 ms, found 3 plugins.
Preloading 0 native plugins for Editor in 0.00 ms.
Unloading 3453 Unused Serialized files (Serialized files now loaded: 0)
Unloading 15 unused Assets / (100.0 KB). Loaded Objects now: 4410.
Memory consumption went from 133.8 MB to 133.7 MB.
Total: 5.523400 ms (FindLiveObjects: 0.429000 ms CreateObjectMapping: 0.372100 ms MarkObjects: 4.648400 ms  DeleteObjects: 0.073000 ms)

Prepare: number of updated asset objects reloaded= 0
AssetImportParameters requested are different than current active one (requested -> active):
  custom:container-demuxer-ogg: 62fdf1f143b41e24485cea50d1cbac27 -> 
  custom:video-decoder-ogg-theora: a1e56fd34408186e4bbccfd4996cb3dc -> 
  custom:framework-win-MediaFoundation: 216162199b28c13a410421893ffa2e32 -> 
  custom:scripting/monoscript/fileName/HealPickup.cs: 71876bf87905af9fc6eaaa92ce9f9cc1 -> 
  custom:CustomObjectIndexerAttribute: 9a22284fe3817be447336de3de66b15e -> 
  custom:container-demuxer-webm: 4f35f7cbe854078d1ac9338744f61a02 -> 
  custom:container-muxer-webm: aa71ff27fc2769a1b78a27578f13a17b -> 
  custom:video-decoder-webm-vp8: 9c59270c3fd7afecdb556c50c9e8de78 -> 
  custom:SearchIndexIgnoredProperties: e643bd26f0fe6173181afceb89e7c659 -> 
  custom:AudioImporter_EditorPlatform: d09bf68614088b80899f8185d706f6e7 -> 
  custom:video-encoder-webm-vp8: eb34c28f22e8b96e1ab97ce403110664 -> 
  custom:audio-decoder-ogg-vorbis: bf7c407c2cedff20999df2af8eb42d56 -> 
  custom:audio-encoder-webm-vorbis: bf7c407c2cedff20999df2af8eb42d56 -> 
  custom:scripting/precompiled-assembly-types:Assembly-CSharp: 0bba5674f77d92ad328955e8a722c46c -> a9a1178b2d54efcd4a4866cd6fa1f88e
========================================================================
Received Import Request.
  Time since last request: 246.409502 seconds.
  path: Assets/Virus 1/Virus 5 b animated 2.prefab
  artifactKey: Guid(da5fd7734a4fb694ea68435301636a90) Importer(815301076,1909f56bfc062723c751e8b465ee728b)
Start importing Assets/Virus 1/Virus 5 b animated 2.prefab using Guid(da5fd7734a4fb694ea68435301636a90) Importer(815301076,1909f56bfc062723c751e8b465ee728b) [PhysX] Initialized MultithreadedTaskDispatcher with 12 workers.
[PhysX] Initialized MultithreadedTaskDispatcher with 12 workers.
 -> (artifact id: 'c01cb0a7c7da8644f7fd6ca60453f02d') in 0.108175 seconds
Number of updated asset objects reloaded before import = 0
Number of asset objects unloaded after import = 122
========================================================================
Received Prepare
Caller must complete domain reload
Begin MonoManager ReloadAssembly
- Loaded All Assemblies, in  0.648 seconds
Native extension for WindowsStandalone target not found
Native extension for Android target not found
Mono: successfully reloaded assembly
- Finished resetting the current domain, in  1.797 seconds
Domain Reload Profiling: 2440ms
	BeginReloadAssembly (217ms)
		ExecutionOrderSort (0ms)
		DisableScriptedObjects (7ms)
		BackupInstance (0ms)
		ReleaseScriptingObjects (0ms)
		CreateAndSetChildDomain (40ms)
	RebuildCommonClasses (65ms)
	RebuildNativeTypeToScriptingClass (21ms)
	initialDomainReloadingComplete (47ms)
	LoadAllAssembliesAndSetupDomain (292ms)
		LoadAssemblies (403ms)
		RebuildTransferFunctionScriptingTraits (0ms)
		AnalyzeDomain (20ms)
			TypeCache.Refresh (8ms)
				TypeCache.ScanAssembly (0ms)
			ScanForSourceGeneratedMonoScriptInfo (0ms)
			ResolveRequiredComponents (10ms)
	FinalizeReload (1797ms)
		ReleaseScriptCaches (0ms)
		RebuildScriptCaches (0ms)
		SetupLoadedEditorAssemblies (985ms)
			LogAssemblyErrors (0ms)
			InitializePlatformSupportModulesInManaged (39ms)
			SetLoadedEditorAssemblies (13ms)
			RefreshPlugins (0ms)
			BeforeProcessingInitializeOnLoad (110ms)
			ProcessInitializeOnLoadAttributes (775ms)
			ProcessInitializeOnLoadMethodAttributes (35ms)
			AfterProcessingInitializeOnLoad (13ms)
			EditorAssembliesLoaded (0ms)
		ExecutionOrderSort2 (0ms)
		AwakeInstancesAfterBackupRestoration (18ms)
Refreshing native plugins compatible for Editor in 7.26 ms, found 3 plugins.
Preloading 0 native plugins for Editor in 0.00 ms.
Unloading 3453 Unused Serialized files (Serialized files now loaded: 0)
Unloading 15 unused Assets / (100.0 KB). Loaded Objects now: 4426.
Memory consumption went from 133.8 MB to 133.7 MB.
Total: 6.231500 ms (FindLiveObjects: 0.494500 ms CreateObjectMapping: 0.567400 ms MarkObjects: 5.072100 ms  DeleteObjects: 0.095900 ms)

Prepare: number of updated asset objects reloaded= 0
AssetImportParameters requested are different than current active one (requested -> active):
  custom:container-demuxer-ogg: 62fdf1f143b41e24485cea50d1cbac27 -> 
  custom:video-decoder-ogg-theora: a1e56fd34408186e4bbccfd4996cb3dc -> 
  custom:framework-win-MediaFoundation: 216162199b28c13a410421893ffa2e32 -> 
  custom:scripting/monoscript/fileName/HealPickup.cs: 71876bf87905af9fc6eaaa92ce9f9cc1 -> 
  custom:CustomObjectIndexerAttribute: 9a22284fe3817be447336de3de66b15e -> 
  custom:container-demuxer-webm: 4f35f7cbe854078d1ac9338744f61a02 -> 
  custom:container-muxer-webm: aa71ff27fc2769a1b78a27578f13a17b -> 
  custom:video-decoder-webm-vp8: 9c59270c3fd7afecdb556c50c9e8de78 -> 
  custom:SearchIndexIgnoredProperties: e643bd26f0fe6173181afceb89e7c659 -> 
  custom:AudioImporter_EditorPlatform: d09bf68614088b80899f8185d706f6e7 -> 
  custom:video-encoder-webm-vp8: eb34c28f22e8b96e1ab97ce403110664 -> 
  custom:audio-decoder-ogg-vorbis: bf7c407c2cedff20999df2af8eb42d56 -> 
  custom:audio-encoder-webm-vorbis: bf7c407c2cedff20999df2af8eb42d56 -> 
  custom:scripting/precompiled-assembly-types:Assembly-CSharp: 0bba5674f77d92ad328955e8a722c46c -> a9a1178b2d54efcd4a4866cd6fa1f88e
========================================================================
Received Import Request.
  Time since last request: 147.438420 seconds.
  path: Assets/Virus 1/Virus 5 b animated 2.prefab
  artifactKey: Guid(da5fd7734a4fb694ea68435301636a90) Importer(815301076,1909f56bfc062723c751e8b465ee728b)
Start importing Assets/Virus 1/Virus 5 b animated 2.prefab using Guid(da5fd7734a4fb694ea68435301636a90) Importer(815301076,1909f56bfc062723c751e8b465ee728b) [PhysX] Initialized MultithreadedTaskDispatcher with 12 workers.
[PhysX] Initialized MultithreadedTaskDispatcher with 12 workers.
 -> (artifact id: '6d5750019e31ea0350724ba367188460') in 0.099974 seconds
Number of updated asset objects reloaded before import = 0
Number of asset objects unloaded after import = 122
========================================================================
Received Prepare
Caller must complete domain reload
Begin MonoManager ReloadAssembly
- Loaded All Assemblies, in  0.589 seconds
Native extension for WindowsStandalone target not found
Native extension for Android target not found
Mono: successfully reloaded assembly
- Finished resetting the current domain, in  1.737 seconds
Domain Reload Profiling: 2323ms
	BeginReloadAssembly (201ms)
		ExecutionOrderSort (0ms)
		DisableScriptedObjects (10ms)
		BackupInstance (0ms)
		ReleaseScriptingObjects (0ms)
		CreateAndSetChildDomain (37ms)
	RebuildCommonClasses (48ms)
	RebuildNativeTypeToScriptingClass (15ms)
	initialDomainReloadingComplete (39ms)
	LoadAllAssembliesAndSetupDomain (282ms)
		LoadAssemblies (367ms)
		RebuildTransferFunctionScriptingTraits (0ms)
		AnalyzeDomain (33ms)
			TypeCache.Refresh (8ms)
				TypeCache.ScanAssembly (0ms)
			ScanForSourceGeneratedMonoScriptInfo (0ms)
			ResolveRequiredComponents (23ms)
	FinalizeReload (1738ms)
		ReleaseScriptCaches (0ms)
		RebuildScriptCaches (0ms)
		SetupLoadedEditorAssemblies (965ms)
			LogAssemblyErrors (0ms)
			InitializePlatformSupportModulesInManaged (35ms)
			SetLoadedEditorAssemblies (10ms)
			RefreshPlugins (0ms)
			BeforeProcessingInitializeOnLoad (104ms)
			ProcessInitializeOnLoadAttributes (764ms)
			ProcessInitializeOnLoadMethodAttributes (40ms)
			AfterProcessingInitializeOnLoad (13ms)
			EditorAssembliesLoaded (0ms)
		ExecutionOrderSort2 (0ms)
		AwakeInstancesAfterBackupRestoration (16ms)
Refreshing native plugins compatible for Editor in 7.11 ms, found 3 plugins.
Preloading 0 native plugins for Editor in 0.00 ms.
Unloading 3453 Unused Serialized files (Serialized files now loaded: 0)
Unloading 15 unused Assets / (99.9 KB). Loaded Objects now: 4442.
Memory consumption went from 133.8 MB to 133.7 MB.
Total: 6.931200 ms (FindLiveObjects: 0.578600 ms CreateObjectMapping: 0.448600 ms MarkObjects: 5.710300 ms  DeleteObjects: 0.097600 ms)

Prepare: number of updated asset objects reloaded= 0
AssetImportParameters requested are different than current active one (requested -> active):
  custom:container-demuxer-ogg: 62fdf1f143b41e24485cea50d1cbac27 -> 
  custom:video-decoder-ogg-theora: a1e56fd34408186e4bbccfd4996cb3dc -> 
  custom:framework-win-MediaFoundation: 216162199b28c13a410421893ffa2e32 -> 
  custom:scripting/monoscript/fileName/HealPickup.cs: 71876bf87905af9fc6eaaa92ce9f9cc1 -> 
  custom:CustomObjectIndexerAttribute: 9a22284fe3817be447336de3de66b15e -> 
  custom:container-demuxer-webm: 4f35f7cbe854078d1ac9338744f61a02 -> 
  custom:container-muxer-webm: aa71ff27fc2769a1b78a27578f13a17b -> 
  custom:video-decoder-webm-vp8: 9c59270c3fd7afecdb556c50c9e8de78 -> 
  custom:SearchIndexIgnoredProperties: e643bd26f0fe6173181afceb89e7c659 -> 
  custom:AudioImporter_EditorPlatform: d09bf68614088b80899f8185d706f6e7 -> 
  custom:video-encoder-webm-vp8: eb34c28f22e8b96e1ab97ce403110664 -> 
  custom:audio-decoder-ogg-vorbis: bf7c407c2cedff20999df2af8eb42d56 -> 
  custom:audio-encoder-webm-vorbis: bf7c407c2cedff20999df2af8eb42d56 -> 
  custom:scripting/precompiled-assembly-types:Assembly-CSharp: 0bba5674f77d92ad328955e8a722c46c -> a9a1178b2d54efcd4a4866cd6fa1f88e
========================================================================
Received Prepare
Caller must complete domain reload
Begin MonoManager ReloadAssembly
- Loaded All Assemblies, in  0.606 seconds
Native extension for WindowsStandalone target not found
Native extension for Android target not found
Mono: successfully reloaded assembly
- Finished resetting the current domain, in  1.873 seconds
Domain Reload Profiling: 2474ms
	BeginReloadAssembly (204ms)
		ExecutionOrderSort (0ms)
		DisableScriptedObjects (8ms)
		BackupInstance (0ms)
		ReleaseScriptingObjects (0ms)
		CreateAndSetChildDomain (41ms)
	RebuildCommonClasses (51ms)
	RebuildNativeTypeToScriptingClass (23ms)
	initialDomainReloadingComplete (44ms)
	LoadAllAssembliesAndSetupDomain (278ms)
		LoadAssemblies (374ms)
		RebuildTransferFunctionScriptingTraits (0ms)
		AnalyzeDomain (20ms)
			TypeCache.Refresh (7ms)
				TypeCache.ScanAssembly (0ms)
			ScanForSourceGeneratedMonoScriptInfo (0ms)
			ResolveRequiredComponents (11ms)
	FinalizeReload (1873ms)
		ReleaseScriptCaches (0ms)
		RebuildScriptCaches (0ms)
		SetupLoadedEditorAssemblies (1054ms)
			LogAssemblyErrors (0ms)
			InitializePlatformSupportModulesInManaged (37ms)
			SetLoadedEditorAssemblies (9ms)
			RefreshPlugins (0ms)
			BeforeProcessingInitializeOnLoad (116ms)
			ProcessInitializeOnLoadAttributes (845ms)
			ProcessInitializeOnLoadMethodAttributes (31ms)
			AfterProcessingInitializeOnLoad (16ms)
			EditorAssembliesLoaded (0ms)
		ExecutionOrderSort2 (0ms)
		AwakeInstancesAfterBackupRestoration (17ms)
Refreshing native plugins compatible for Editor in 6.94 ms, found 3 plugins.
Preloading 0 native plugins for Editor in 0.00 ms.
Unloading 3454 Unused Serialized files (Serialized files now loaded: 0)
Unloading 15 unused Assets / (99.9 KB). Loaded Objects now: 4458.
Memory consumption went from 134.1 MB to 134.0 MB.
Total: 6.258600 ms (FindLiveObjects: 0.427500 ms CreateObjectMapping: 0.328100 ms MarkObjects: 5.415400 ms  DeleteObjects: 0.086300 ms)

Prepare: number of updated asset objects reloaded= 0
AssetImportParameters requested are different than current active one (requested -> active):
  custom:container-demuxer-ogg: 62fdf1f143b41e24485cea50d1cbac27 -> 
  custom:video-decoder-ogg-theora: a1e56fd34408186e4bbccfd4996cb3dc -> 
  custom:framework-win-MediaFoundation: 216162199b28c13a410421893ffa2e32 -> 
  custom:scripting/monoscript/fileName/HealPickup.cs: 71876bf87905af9fc6eaaa92ce9f9cc1 -> 
  custom:CustomObjectIndexerAttribute: 9a22284fe3817be447336de3de66b15e -> 
  custom:container-demuxer-webm: 4f35f7cbe854078d1ac9338744f61a02 -> 
  custom:container-muxer-webm: aa71ff27fc2769a1b78a27578f13a17b -> 
  custom:video-decoder-webm-vp8: 9c59270c3fd7afecdb556c50c9e8de78 -> 
  custom:SearchIndexIgnoredProperties: e643bd26f0fe6173181afceb89e7c659 -> 
  custom:AudioImporter_EditorPlatform: d09bf68614088b80899f8185d706f6e7 -> 
  custom:video-encoder-webm-vp8: eb34c28f22e8b96e1ab97ce403110664 -> 
  custom:audio-decoder-ogg-vorbis: bf7c407c2cedff20999df2af8eb42d56 -> 
  custom:audio-encoder-webm-vorbis: bf7c407c2cedff20999df2af8eb42d56 -> 
  custom:scripting/precompiled-assembly-types:Assembly-CSharp: 0bba5674f77d92ad328955e8a722c46c -> a9a1178b2d54efcd4a4866cd6fa1f88e
========================================================================
Received Import Request.
  Time since last request: 1037.031411 seconds.
  path: Assets/Virus 1/Virus 5 b animated 2.prefab
  artifactKey: Guid(da5fd7734a4fb694ea68435301636a90) Importer(815301076,1909f56bfc062723c751e8b465ee728b)
Start importing Assets/Virus 1/Virus 5 b animated 2.prefab using Guid(da5fd7734a4fb694ea68435301636a90) Importer(815301076,1909f56bfc062723c751e8b465ee728b) [PhysX] Initialized MultithreadedTaskDispatcher with 12 workers.
[PhysX] Initialized MultithreadedTaskDispatcher with 12 workers.
 -> (artifact id: 'a02537f9888add801794a99005cbe2a8') in 0.211155 seconds
Number of updated asset objects reloaded before import = 0
Number of asset objects unloaded after import = 122
========================================================================
Received Import Request.
  Time since last request: 22.543599 seconds.
  path: Assets/Virus 1/Virus 5 b animated 2.prefab
  artifactKey: Guid(da5fd7734a4fb694ea68435301636a90) Importer(815301076,1909f56bfc062723c751e8b465ee728b)
Start importing Assets/Virus 1/Virus 5 b animated 2.prefab using Guid(da5fd7734a4fb694ea68435301636a90) Importer(815301076,1909f56bfc062723c751e8b465ee728b) [PhysX] Initialized MultithreadedTaskDispatcher with 12 workers.
[PhysX] Initialized MultithreadedTaskDispatcher with 12 workers.
 -> (artifact id: '8e8c3a615dc9e67c8535a5ee3c6e88ce') in 0.019374 seconds
Number of updated asset objects reloaded before import = 0
Number of asset objects unloaded after import = 122
========================================================================
Received Prepare
Caller must complete domain reload
Begin MonoManager ReloadAssembly
- Loaded All Assemblies, in  0.681 seconds
Native extension for WindowsStandalone target not found
Native extension for Android target not found
Mono: successfully reloaded assembly
- Finished resetting the current domain, in  2.090 seconds
Domain Reload Profiling: 2767ms
	BeginReloadAssembly (220ms)
		ExecutionOrderSort (0ms)
		DisableScriptedObjects (7ms)
		BackupInstance (0ms)
		ReleaseScriptingObjects (0ms)
		CreateAndSetChildDomain (43ms)
	RebuildCommonClasses (55ms)
	RebuildNativeTypeToScriptingClass (17ms)
	initialDomainReloadingComplete (46ms)
	LoadAllAssembliesAndSetupDomain (338ms)
		LoadAssemblies (445ms)
		RebuildTransferFunctionScriptingTraits (0ms)
		AnalyzeDomain (25ms)
			TypeCache.Refresh (7ms)
				TypeCache.ScanAssembly (0ms)
			ScanForSourceGeneratedMonoScriptInfo (0ms)
			ResolveRequiredComponents (14ms)
	FinalizeReload (2091ms)
		ReleaseScriptCaches (0ms)
		RebuildScriptCaches (0ms)
		SetupLoadedEditorAssemblies (1213ms)
			LogAssemblyErrors (0ms)
			InitializePlatformSupportModulesInManaged (45ms)
			SetLoadedEditorAssemblies (11ms)
			RefreshPlugins (0ms)
			BeforeProcessingInitializeOnLoad (135ms)
			ProcessInitializeOnLoadAttributes (970ms)
			ProcessInitializeOnLoadMethodAttributes (35ms)
			AfterProcessingInitializeOnLoad (15ms)
			EditorAssembliesLoaded (0ms)
		ExecutionOrderSort2 (0ms)
		AwakeInstancesAfterBackupRestoration (18ms)
Refreshing native plugins compatible for Editor in 7.53 ms, found 3 plugins.
Preloading 0 native plugins for Editor in 0.00 ms.
Unloading 3453 Unused Serialized files (Serialized files now loaded: 0)
Unloading 15 unused Assets / (99.9 KB). Loaded Objects now: 4474.
Memory consumption went from 133.9 MB to 133.8 MB.
Total: 5.582500 ms (FindLiveObjects: 0.466900 ms CreateObjectMapping: 0.400000 ms MarkObjects: 4.615000 ms  DeleteObjects: 0.099300 ms)

Prepare: number of updated asset objects reloaded= 0
AssetImportParameters requested are different than current active one (requested -> active):
  custom:container-demuxer-ogg: 62fdf1f143b41e24485cea50d1cbac27 -> 
  custom:video-decoder-ogg-theora: a1e56fd34408186e4bbccfd4996cb3dc -> 
  custom:framework-win-MediaFoundation: 216162199b28c13a410421893ffa2e32 -> 
  custom:scripting/monoscript/fileName/HealPickup.cs: 71876bf87905af9fc6eaaa92ce9f9cc1 -> 
  custom:CustomObjectIndexerAttribute: 9a22284fe3817be447336de3de66b15e -> 
  custom:container-demuxer-webm: 4f35f7cbe854078d1ac9338744f61a02 -> 
  custom:container-muxer-webm: aa71ff27fc2769a1b78a27578f13a17b -> 
  custom:video-decoder-webm-vp8: 9c59270c3fd7afecdb556c50c9e8de78 -> 
  custom:SearchIndexIgnoredProperties: e643bd26f0fe6173181afceb89e7c659 -> 
  custom:AudioImporter_EditorPlatform: d09bf68614088b80899f8185d706f6e7 -> 
  custom:video-encoder-webm-vp8: eb34c28f22e8b96e1ab97ce403110664 -> 
  custom:audio-decoder-ogg-vorbis: bf7c407c2cedff20999df2af8eb42d56 -> 
  custom:audio-encoder-webm-vorbis: bf7c407c2cedff20999df2af8eb42d56 -> 
  custom:scripting/precompiled-assembly-types:Assembly-CSharp: 0bba5674f77d92ad328955e8a722c46c -> a9a1178b2d54efcd4a4866cd6fa1f88e
========================================================================
Received Import Request.
  Time since last request: 299.383073 seconds.
  path: Assets/Virus 1/Virus 5 b animated 2.prefab
  artifactKey: Guid(da5fd7734a4fb694ea68435301636a90) Importer(815301076,1909f56bfc062723c751e8b465ee728b)
Start importing Assets/Virus 1/Virus 5 b animated 2.prefab using Guid(da5fd7734a4fb694ea68435301636a90) Importer(815301076,1909f56bfc062723c751e8b465ee728b) [PhysX] Initialized MultithreadedTaskDispatcher with 12 workers.
[PhysX] Initialized MultithreadedTaskDispatcher with 12 workers.
 -> (artifact id: '64496d7a417d3e8afb06e8d81068e5fc') in 0.130432 seconds
Number of updated asset objects reloaded before import = 0
Number of asset objects unloaded after import = 122
========================================================================
Received Import Request.
  Time since last request: 21.409413 seconds.
  path: Assets/Scenes/STICK ARENA.unity
  artifactKey: Guid(2a0814fbfad38c848851cf6cb8b76b62) Importer(815301076,1909f56bfc062723c751e8b465ee728b)
Start importing Assets/Scenes/STICK ARENA.unity using Guid(2a0814fbfad38c848851cf6cb8b76b62) Importer(815301076,1909f56bfc062723c751e8b465ee728b) [PhysX] Initialized MultithreadedTaskDispatcher with 12 workers.
 -> (artifact id: 'b7a7840f8f7878cbffba54eec0bd062a') in 0.007612 seconds
Number of updated asset objects reloaded before import = 0
Number of asset objects unloaded after import = 0
========================================================================
Received Prepare
Caller must complete domain reload
Begin MonoManager ReloadAssembly
- Loaded All Assemblies, in  0.655 seconds
Native extension for WindowsStandalone target not found
Native extension for Android target not found
Mono: successfully reloaded assembly
- Finished resetting the current domain, in  1.716 seconds
Domain Reload Profiling: 2367ms
	BeginReloadAssembly (214ms)
		ExecutionOrderSort (0ms)
		DisableScriptedObjects (7ms)
		BackupInstance (0ms)
		ReleaseScriptingObjects (0ms)
		CreateAndSetChildDomain (41ms)
	RebuildCommonClasses (43ms)
	RebuildNativeTypeToScriptingClass (15ms)
	initialDomainReloadingComplete (44ms)
	LoadAllAssembliesAndSetupDomain (334ms)
		LoadAssemblies (441ms)
		RebuildTransferFunctionScriptingTraits (0ms)
		AnalyzeDomain (23ms)
			TypeCache.Refresh (7ms)
				TypeCache.ScanAssembly (0ms)
			ScanForSourceGeneratedMonoScriptInfo (0ms)
			ResolveRequiredComponents (13ms)
	FinalizeReload (1717ms)
		ReleaseScriptCaches (0ms)
		RebuildScriptCaches (0ms)
		SetupLoadedEditorAssemblies (917ms)
			LogAssemblyErrors (0ms)
			InitializePlatformSupportModulesInManaged (36ms)
			SetLoadedEditorAssemblies (7ms)
			RefreshPlugins (0ms)
			BeforeProcessingInitializeOnLoad (105ms)
			ProcessInitializeOnLoadAttributes (729ms)
			ProcessInitializeOnLoadMethodAttributes (27ms)
			AfterProcessingInitializeOnLoad (11ms)
			EditorAssembliesLoaded (0ms)
		ExecutionOrderSort2 (0ms)
		AwakeInstancesAfterBackupRestoration (17ms)
Refreshing native plugins compatible for Editor in 7.15 ms, found 3 plugins.
Preloading 0 native plugins for Editor in 0.00 ms.
Unloading 3453 Unused Serialized files (Serialized files now loaded: 0)
Unloading 15 unused Assets / (99.9 KB). Loaded Objects now: 4490.
Memory consumption went from 133.9 MB to 133.8 MB.
Total: 5.942200 ms (FindLiveObjects: 0.469900 ms CreateObjectMapping: 0.369400 ms MarkObjects: 5.024100 ms  DeleteObjects: 0.077400 ms)

Prepare: number of updated asset objects reloaded= 0
AssetImportParameters requested are different than current active one (requested -> active):
  custom:container-demuxer-ogg: 62fdf1f143b41e24485cea50d1cbac27 -> 
  custom:video-decoder-ogg-theora: a1e56fd34408186e4bbccfd4996cb3dc -> 
  custom:framework-win-MediaFoundation: 216162199b28c13a410421893ffa2e32 -> 
  custom:scripting/monoscript/fileName/HealPickup.cs: 71876bf87905af9fc6eaaa92ce9f9cc1 -> 
  custom:CustomObjectIndexerAttribute: 9a22284fe3817be447336de3de66b15e -> 
  custom:container-demuxer-webm: 4f35f7cbe854078d1ac9338744f61a02 -> 
  custom:container-muxer-webm: aa71ff27fc2769a1b78a27578f13a17b -> 
  custom:video-decoder-webm-vp8: 9c59270c3fd7afecdb556c50c9e8de78 -> 
  custom:SearchIndexIgnoredProperties: e643bd26f0fe6173181afceb89e7c659 -> 
  custom:AudioImporter_EditorPlatform: d09bf68614088b80899f8185d706f6e7 -> 
  custom:video-encoder-webm-vp8: eb34c28f22e8b96e1ab97ce403110664 -> 
  custom:audio-decoder-ogg-vorbis: bf7c407c2cedff20999df2af8eb42d56 -> 
  custom:audio-encoder-webm-vorbis: bf7c407c2cedff20999df2af8eb42d56 -> 
  custom:scripting/precompiled-assembly-types:Assembly-CSharp: 0bba5674f77d92ad328955e8a722c46c -> a9a1178b2d54efcd4a4866cd6fa1f88e
========================================================================
Received Import Request.
  Time since last request: 137.869432 seconds.
  path: Assets/Virus 1/Virus 5 b animated 2.prefab
  artifactKey: Guid(da5fd7734a4fb694ea68435301636a90) Importer(815301076,1909f56bfc062723c751e8b465ee728b)
Start importing Assets/Virus 1/Virus 5 b animated 2.prefab using Guid(da5fd7734a4fb694ea68435301636a90) Importer(815301076,1909f56bfc062723c751e8b465ee728b) [PhysX] Initialized MultithreadedTaskDispatcher with 12 workers.
[PhysX] Initialized MultithreadedTaskDispatcher with 12 workers.
 -> (artifact id: '9238e5afd8a89dea565e994dfbda7999') in 0.098324 seconds
Number of updated asset objects reloaded before import = 0
Number of asset objects unloaded after import = 122
========================================================================
Received Prepare
Caller must complete domain reload
Begin MonoManager ReloadAssembly
- Loaded All Assemblies, in  0.639 seconds
Native extension for WindowsStandalone target not found
Native extension for Android target not found
Mono: successfully reloaded assembly
- Finished resetting the current domain, in  2.219 seconds
Domain Reload Profiling: 2855ms
	BeginReloadAssembly (217ms)
		ExecutionOrderSort (0ms)
		DisableScriptedObjects (8ms)
		BackupInstance (0ms)
		ReleaseScriptingObjects (0ms)
		CreateAndSetChildDomain (41ms)
	RebuildCommonClasses (52ms)
	RebuildNativeTypeToScriptingClass (18ms)
	initialDomainReloadingComplete (47ms)
	LoadAllAssembliesAndSetupDomain (300ms)
		LoadAssemblies (401ms)
		RebuildTransferFunctionScriptingTraits (0ms)
		AnalyzeDomain (26ms)
			TypeCache.Refresh (10ms)
				TypeCache.ScanAssembly (0ms)
			ScanForSourceGeneratedMonoScriptInfo (0ms)
			ResolveRequiredComponents (14ms)
	FinalizeReload (2221ms)
		ReleaseScriptCaches (0ms)
		RebuildScriptCaches (0ms)
		SetupLoadedEditorAssemblies (1198ms)
			LogAssemblyErrors (0ms)
			InitializePlatformSupportModulesInManaged (35ms)
			SetLoadedEditorAssemblies (8ms)
			RefreshPlugins (0ms)
			BeforeProcessingInitializeOnLoad (117ms)
			ProcessInitializeOnLoadAttributes (985ms)
			ProcessInitializeOnLoadMethodAttributes (36ms)
			AfterProcessingInitializeOnLoad (17ms)
			EditorAssembliesLoaded (0ms)
		ExecutionOrderSort2 (0ms)
		AwakeInstancesAfterBackupRestoration (18ms)
Refreshing native plugins compatible for Editor in 7.00 ms, found 3 plugins.
Preloading 0 native plugins for Editor in 0.00 ms.
Unloading 3453 Unused Serialized files (Serialized files now loaded: 0)
Unloading 15 unused Assets / (99.9 KB). Loaded Objects now: 4506.
Memory consumption went from 133.9 MB to 133.8 MB.
Total: 6.240500 ms (FindLiveObjects: 0.442000 ms CreateObjectMapping: 0.459400 ms MarkObjects: 5.238900 ms  DeleteObjects: 0.098600 ms)

Prepare: number of updated asset objects reloaded= 0
AssetImportParameters requested are different than current active one (requested -> active):
  custom:container-demuxer-ogg: 62fdf1f143b41e24485cea50d1cbac27 -> 
  custom:video-decoder-ogg-theora: a1e56fd34408186e4bbccfd4996cb3dc -> 
  custom:framework-win-MediaFoundation: 216162199b28c13a410421893ffa2e32 -> 
  custom:scripting/monoscript/fileName/HealPickup.cs: 71876bf87905af9fc6eaaa92ce9f9cc1 -> 
  custom:CustomObjectIndexerAttribute: 9a22284fe3817be447336de3de66b15e -> 
  custom:container-demuxer-webm: 4f35f7cbe854078d1ac9338744f61a02 -> 
  custom:container-muxer-webm: aa71ff27fc2769a1b78a27578f13a17b -> 
  custom:video-decoder-webm-vp8: 9c59270c3fd7afecdb556c50c9e8de78 -> 
  custom:SearchIndexIgnoredProperties: e643bd26f0fe6173181afceb89e7c659 -> 
  custom:AudioImporter_EditorPlatform: d09bf68614088b80899f8185d706f6e7 -> 
  custom:video-encoder-webm-vp8: eb34c28f22e8b96e1ab97ce403110664 -> 
  custom:audio-decoder-ogg-vorbis: bf7c407c2cedff20999df2af8eb42d56 -> 
  custom:audio-encoder-webm-vorbis: bf7c407c2cedff20999df2af8eb42d56 -> 
  custom:scripting/precompiled-assembly-types:Assembly-CSharp: 0bba5674f77d92ad328955e8a722c46c -> a9a1178b2d54efcd4a4866cd6fa1f88e
========================================================================
Received Prepare
Caller must complete domain reload
Begin MonoManager ReloadAssembly
- Loaded All Assemblies, in  0.623 seconds
Native extension for WindowsStandalone target not found
Native extension for Android target not found
Mono: successfully reloaded assembly
- Finished resetting the current domain, in  1.881 seconds
Domain Reload Profiling: 2499ms
	BeginReloadAssembly (202ms)
		ExecutionOrderSort (0ms)
		DisableScriptedObjects (9ms)
		BackupInstance (0ms)
		ReleaseScriptingObjects (0ms)
		CreateAndSetChildDomain (35ms)
	RebuildCommonClasses (57ms)
	RebuildNativeTypeToScriptingClass (23ms)
	initialDomainReloadingComplete (47ms)
	LoadAllAssembliesAndSetupDomain (288ms)
		LoadAssemblies (389ms)
		RebuildTransferFunctionScriptingTraits (0ms)
		AnalyzeDomain (20ms)
			TypeCache.Refresh (7ms)
				TypeCache.ScanAssembly (0ms)
			ScanForSourceGeneratedMonoScriptInfo (0ms)
			ResolveRequiredComponents (10ms)
	FinalizeReload (1882ms)
		ReleaseScriptCaches (0ms)
		RebuildScriptCaches (0ms)
		SetupLoadedEditorAssemblies (1009ms)
			LogAssemblyErrors (0ms)
			InitializePlatformSupportModulesInManaged (34ms)
			SetLoadedEditorAssemblies (8ms)
			RefreshPlugins (0ms)
			BeforeProcessingInitializeOnLoad (99ms)
			ProcessInitializeOnLoadAttributes (820ms)
			ProcessInitializeOnLoadMethodAttributes (33ms)
			AfterProcessingInitializeOnLoad (15ms)
			EditorAssembliesLoaded (0ms)
		ExecutionOrderSort2 (0ms)
		AwakeInstancesAfterBackupRestoration (17ms)
Refreshing native plugins compatible for Editor in 6.04 ms, found 3 plugins.
Preloading 0 native plugins for Editor in 0.00 ms.
Unloading 3454 Unused Serialized files (Serialized files now loaded: 0)
Unloading 15 unused Assets / (99.9 KB). Loaded Objects now: 4522.
Memory consumption went from 134.1 MB to 134.1 MB.
Total: 6.653100 ms (FindLiveObjects: 0.469600 ms CreateObjectMapping: 0.385800 ms MarkObjects: 5.705600 ms  DeleteObjects: 0.090500 ms)

Prepare: number of updated asset objects reloaded= 0
AssetImportParameters requested are different than current active one (requested -> active):
  custom:container-demuxer-ogg: 62fdf1f143b41e24485cea50d1cbac27 -> 
  custom:video-decoder-ogg-theora: a1e56fd34408186e4bbccfd4996cb3dc -> 
  custom:framework-win-MediaFoundation: 216162199b28c13a410421893ffa2e32 -> 
  custom:scripting/monoscript/fileName/HealPickup.cs: 71876bf87905af9fc6eaaa92ce9f9cc1 -> 
  custom:CustomObjectIndexerAttribute: 9a22284fe3817be447336de3de66b15e -> 
  custom:container-demuxer-webm: 4f35f7cbe854078d1ac9338744f61a02 -> 
  custom:container-muxer-webm: aa71ff27fc2769a1b78a27578f13a17b -> 
  custom:video-decoder-webm-vp8: 9c59270c3fd7afecdb556c50c9e8de78 -> 
  custom:SearchIndexIgnoredProperties: e643bd26f0fe6173181afceb89e7c659 -> 
  custom:AudioImporter_EditorPlatform: d09bf68614088b80899f8185d706f6e7 -> 
  custom:video-encoder-webm-vp8: eb34c28f22e8b96e1ab97ce403110664 -> 
  custom:audio-decoder-ogg-vorbis: bf7c407c2cedff20999df2af8eb42d56 -> 
  custom:audio-encoder-webm-vorbis: bf7c407c2cedff20999df2af8eb42d56 -> 
  custom:scripting/precompiled-assembly-types:Assembly-CSharp: 0bba5674f77d92ad328955e8a722c46c -> a9a1178b2d54efcd4a4866cd6fa1f88e
========================================================================
Received Prepare
Caller must complete domain reload
Begin MonoManager ReloadAssembly
- Loaded All Assemblies, in  0.626 seconds
Native extension for WindowsStandalone target not found
Native extension for Android target not found
Mono: successfully reloaded assembly
- Finished resetting the current domain, in  1.801 seconds
Domain Reload Profiling: 2422ms
	BeginReloadAssembly (211ms)
		ExecutionOrderSort (0ms)
		DisableScriptedObjects (8ms)
		BackupInstance (0ms)
		ReleaseScriptingObjects (0ms)
		CreateAndSetChildDomain (41ms)
	RebuildCommonClasses (47ms)
	RebuildNativeTypeToScriptingClass (17ms)
	initialDomainReloadingComplete (56ms)
	LoadAllAssembliesAndSetupDomain (289ms)
		LoadAssemblies (393ms)
		RebuildTransferFunctionScriptingTraits (0ms)
		AnalyzeDomain (20ms)
			TypeCache.Refresh (7ms)
				TypeCache.ScanAssembly (0ms)
			ScanForSourceGeneratedMonoScriptInfo (0ms)
			ResolveRequiredComponents (10ms)
	FinalizeReload (1802ms)
		ReleaseScriptCaches (0ms)
		RebuildScriptCaches (0ms)
		SetupLoadedEditorAssemblies (985ms)
			LogAssemblyErrors (0ms)
			InitializePlatformSupportModulesInManaged (32ms)
			SetLoadedEditorAssemblies (7ms)
			RefreshPlugins (0ms)
			BeforeProcessingInitializeOnLoad (96ms)
			ProcessInitializeOnLoadAttributes (800ms)
			ProcessInitializeOnLoadMethodAttributes (33ms)
			AfterProcessingInitializeOnLoad (16ms)
			EditorAssembliesLoaded (0ms)
		ExecutionOrderSort2 (0ms)
		AwakeInstancesAfterBackupRestoration (17ms)
Refreshing native plugins compatible for Editor in 6.42 ms, found 3 plugins.
Preloading 0 native plugins for Editor in 0.00 ms.
Unloading 3454 Unused Serialized files (Serialized files now loaded: 0)
Unloading 15 unused Assets / (99.9 KB). Loaded Objects now: 4538.
Memory consumption went from 134.2 MB to 134.1 MB.
Total: 5.398000 ms (FindLiveObjects: 0.447900 ms CreateObjectMapping: 0.413200 ms MarkObjects: 4.379200 ms  DeleteObjects: 0.156600 ms)

Prepare: number of updated asset objects reloaded= 0
AssetImportParameters requested are different than current active one (requested -> active):
  custom:container-demuxer-ogg: 62fdf1f143b41e24485cea50d1cbac27 -> 
  custom:video-decoder-ogg-theora: a1e56fd34408186e4bbccfd4996cb3dc -> 
  custom:framework-win-MediaFoundation: 216162199b28c13a410421893ffa2e32 -> 
  custom:scripting/monoscript/fileName/HealPickup.cs: 71876bf87905af9fc6eaaa92ce9f9cc1 -> 
  custom:CustomObjectIndexerAttribute: 9a22284fe3817be447336de3de66b15e -> 
  custom:container-demuxer-webm: 4f35f7cbe854078d1ac9338744f61a02 -> 
  custom:container-muxer-webm: aa71ff27fc2769a1b78a27578f13a17b -> 
  custom:video-decoder-webm-vp8: 9c59270c3fd7afecdb556c50c9e8de78 -> 
  custom:SearchIndexIgnoredProperties: e643bd26f0fe6173181afceb89e7c659 -> 
  custom:AudioImporter_EditorPlatform: d09bf68614088b80899f8185d706f6e7 -> 
  custom:video-encoder-webm-vp8: eb34c28f22e8b96e1ab97ce403110664 -> 
  custom:audio-decoder-ogg-vorbis: bf7c407c2cedff20999df2af8eb42d56 -> 
  custom:audio-encoder-webm-vorbis: bf7c407c2cedff20999df2af8eb42d56 -> 
  custom:scripting/precompiled-assembly-types:Assembly-CSharp: 0bba5674f77d92ad328955e8a722c46c -> a9a1178b2d54efcd4a4866cd6fa1f88e
========================================================================
Received Prepare
Refreshing native plugins compatible for Editor in 5.21 ms, found 3 plugins.
Preloading 0 native plugins for Editor in 0.00 ms.
Unloading 2 Unused Serialized files (Serialized files now loaded: 0)
Unloading 2 unused Assets / (76.5 KB). Loaded Objects now: 4538.
Memory consumption went from 80.6 MB to 80.6 MB.
Total: 7.085200 ms (FindLiveObjects: 0.474100 ms CreateObjectMapping: 0.296600 ms MarkObjects: 6.254900 ms  DeleteObjects: 0.058000 ms)

Prepare: number of updated asset objects reloaded= 0
AssetImportParameters requested are different than current active one (requested -> active):
  custom:container-demuxer-ogg: 62fdf1f143b41e24485cea50d1cbac27 -> 
  custom:video-decoder-ogg-theora: a1e56fd34408186e4bbccfd4996cb3dc -> 
  custom:framework-win-MediaFoundation: 216162199b28c13a410421893ffa2e32 -> 
  custom:scripting/monoscript/fileName/HealPickup.cs: 71876bf87905af9fc6eaaa92ce9f9cc1 -> 
  custom:CustomObjectIndexerAttribute: 9a22284fe3817be447336de3de66b15e -> 
  custom:container-demuxer-webm: 4f35f7cbe854078d1ac9338744f61a02 -> 
  custom:container-muxer-webm: aa71ff27fc2769a1b78a27578f13a17b -> 
  custom:video-decoder-webm-vp8: 9c59270c3fd7afecdb556c50c9e8de78 -> 
  custom:SearchIndexIgnoredProperties: e643bd26f0fe6173181afceb89e7c659 -> 
  custom:AudioImporter_EditorPlatform: d09bf68614088b80899f8185d706f6e7 -> 
  custom:video-encoder-webm-vp8: eb34c28f22e8b96e1ab97ce403110664 -> 
  custom:audio-decoder-ogg-vorbis: bf7c407c2cedff20999df2af8eb42d56 -> 
  custom:audio-encoder-webm-vorbis: bf7c407c2cedff20999df2af8eb42d56 -> 
  custom:scripting/precompiled-assembly-types:Assembly-CSharp: 0bba5674f77d92ad328955e8a722c46c -> a9a1178b2d54efcd4a4866cd6fa1f88e
